variable,bucket,n_trades,pct_sample,win_rate,profit_factor,expectancy_r,avg_r,net_r,net_usd,pct_sub1,pct_sub2,pct_sub3
rsi_entry,1) <30,3,0.12126111560226355,0.0,0.0,-1.0350301189859776,-1.0350301189859776,-3.105090356957933,-40.27082297515244,33.33333333333333,0.0,66.66666666666666
rsi_entry,2) 30-40,163,6.588520614389652,0.34355828220858897,0.49241041463177226,-0.3434565495775286,-0.3434565495775286,-55.98341758113716,-809.6705049232654,29.447852760736197,27.607361963190186,42.944785276073624
rsi_entry,3) 40-50,1035,41.83508488278092,0.5082284607938045,0.9613138458712582,-0.019701871161620813,-0.019701871161620813,-20.39143665227754,-192.69948733453333,34.009661835748794,28.695652173913043,37.29468599033817
rsi_entry,4) 50-60,1036,41.875505254648345,0.5526570048309178,1.1573482818368614,0.07259831849018802,0.07259831849018802,75.21185795583479,707.1171877917155,32.625482625482626,33.49420849420849,33.88030888030888
rsi_entry,5) 60-70,235,9.498787388843978,0.2851063829787234,0.3761040030510448,-0.4591335799545844,-0.4591335799545844,-107.89639128932734,-1027.1187764019314,38.297872340425535,34.04255319148936,27.659574468085108
rsi_entry,6) >70,2,0.08084074373484236,0.0,0.0,-1.0255143672984848,-1.0255143672984848,-2.0510287345969695,-13.015883421693161,100.0,0.0,0.0
adx_entry,1) <20 (debil/no-tendencial),683,27.607113985448667,0.5109809663250366,0.9594716716864692,-0.020670443455570058,-0.020670443455570058,-14.11791288015435,-93.93590557669863,32.942898975109806,33.96778916544656,33.08931185944363
adx_entry,2) 20-25 (transicion),468,18.916734033953112,0.5170940170940171,1.0057637397942278,0.0028706616226574075,0.0028706616226574075,1.3434696394036667,-321.0692061040842,33.11965811965812,28.846153846153843,38.034188034188034
adx_entry,3) 25-40 (tendencia),938,37.91430881164107,0.48128342245989303,0.8721693711155518,-0.06822865511144749,-0.06822865511144749,-63.99847849453775,-767.4700404682968,34.86140724946695,29.21108742004264,35.927505330490405
adx_entry,4) >40 (tendencia fuerte),384,15.521422797089734,0.4635416666666667,0.8184207542891876,-0.09996144200941502,-0.09996144200941502,-38.38519373161537,-195.80280724426814,32.03125,33.33333333333333,34.63541666666667
adx_entry,sin_dato,1,0.04042037186742118,1.0,inf,0.9426088084416148,0.9426088084416148,0.9426088084416148,2.619672128487764,100.0,0.0,0.0
"atr_pct_entry (volatilidad relativa, cuartiles del dataset)",1) muy baja [0.023-0.080],619,25.02021018593371,0.4927302100161551,0.867036663175354,-0.0711151768127363,-0.0711151768127363,-44.02029444708377,-242.80683695243803,64.78190630048465,19.38610662358643,15.831987075928918
"atr_pct_entry (volatilidad relativa, cuartiles del dataset)",2) baja [0.080-0.109],618,24.97978981406629,0.49029126213592233,0.897235606748979,-0.05421189639517517,-0.05421189639517517,-33.502951972218256,-342.4065532804326,36.084142394822,28.317152103559874,35.59870550161812
"atr_pct_entry (volatilidad relativa, cuartiles del dataset)",3) alta [0.109-0.147],618,24.97978981406629,0.4935275080906149,0.9248409492068573,-0.03903979575806515,-0.03903979575806515,-24.12659377848426,-340.6430465853166,21.035598705501616,30.258899676375407,48.70550161812297
"atr_pct_entry (volatilidad relativa, cuartiles del dataset)",4) muy alta [0.147-1.028],619,25.02021018593371,0.49837662337662336,0.960158126760455,-0.02029994581692388,-0.02029994581692388,-12.565666460675882,-449.8018504466729,12.439418416801292,46.36510500807754,41.19547657512116
"dist_ema_atr (distancia a EMA / ATR, cuartiles del dataset)",1) muy cerca [-0.001-0.133],619,25.02021018593371,0.47649918962722854,0.8524708706962854,-0.07961217579310242,-0.07961217579310242,-49.2799368159304,-299.4778748262259,34.5718901453958,29.72536348949919,35.70274636510501
"dist_ema_atr (distancia a EMA / ATR, cuartiles del dataset)",2) cerca [0.133-0.288],618,24.97978981406629,0.4967637540453074,0.9167729709316425,-0.043448791534901304,-0.043448791534901304,-26.851353168569005,-126.71600791531213,31.55339805825243,32.847896440129446,35.59870550161812
"dist_ema_atr (distancia a EMA / ATR, cuartiles del dataset)",3) lejos [0.288-0.528],618,24.97978981406629,0.5064724919093851,0.9589408231652058,-0.02093627152534673,-0.02093627152534673,-12.93861580266428,-503.60031365795055,34.46601941747573,30.74433656957929,34.78964401294498
"dist_ema_atr (distancia a EMA / ATR, cuartiles del dataset)",4) muy lejos [0.528-2.843],619,25.02021018593371,0.49514563106796117,0.9218350990886649,-0.04062294163376168,-0.04062294163376168,-25.14560087129848,-445.8640908653715,33.764135702746366,31.017770597738288,35.21809369951534
"htf_width_atr (ancho bloque HTF / ATR, cuartiles del dataset)",1) angosto [0.799-4.026],619,25.02021018593371,0.5201938610662359,0.9819847742858054,-0.009079525419629548,-0.009079525419629548,-5.620226234750691,-93.08022160927202,33.2794830371567,27.78675282714055,38.933764135702745
"htf_width_atr (ancho bloque HTF / ATR, cuartiles del dataset)",2) normal- [4.026-6.064],618,24.97978981406629,0.4967637540453074,0.9324019264966155,-0.03496540392039351,-0.03496540392039351,-21.60861962280319,-305.0036335702874,35.11326860841424,31.55339805825243,33.33333333333333
"htf_width_atr (ancho bloque HTF / ATR, cuartiles del dataset)",3) normal+ [6.064-9.799],618,24.97978981406629,0.47974068071312803,0.877056926145303,-0.06552784381299251,-0.06552784381299251,-40.49620747642937,-664.3863235527637,29.61165048543689,34.627831715210355,35.760517799352755
"htf_width_atr (ancho bloque HTF / ATR, cuartiles del dataset)",4) muy ancho [9.799-29.463],619,25.02021018593371,0.47811993517017826,0.860162097233284,-0.07510574042726806,-0.07510574042726806,-46.49045332447893,-313.18810853253694,36.34894991922455,30.37156704361874,33.2794830371567
htf_pos_in_block,1) cerca soporte (<0.33),757,30.598221503637834,0.4623513870541612,0.7997558135021088,-0.11159965820728654,-0.11159965820728654,-84.4809412629159,-689.1283248701875,33.42140026420079,24.9669749009247,41.611624834874505
htf_pos_in_block,2) medio (0.33-0.67),853,34.478577202910266,0.5341176470588235,1.07275635768536,0.03493061141995392,0.03493061141995392,29.795811541220694,-181.25437505044158,34.23212192262602,30.5978898007034,35.16998827667057
htf_pos_in_block,3) cerca resistencia (>0.67),864,34.923201293451896,0.48148148148148145,0.8711646128275687,-0.06890089923236915,-0.06890089923236915,-59.53037693676695,-505.2755873442311,33.101851851851855,36.9212962962963,29.976851851851855
"htf_age_bars (antiguedad dentro del bloque, cuartiles)",1) temprano [-0.001-18.000],635,25.666936135812453,0.5086614173228347,0.9410285807443047,-0.030350651603983734,-0.030350651603983734,-19.27266376852967,-274.38166270884255,34.645669291338585,29.133858267716533,36.22047244094488
"htf_age_bars (antiguedad dentro del bloque, cuartiles)",2) medio-temprano [18.000-39.000],630,25.464834276475344,0.5103338632750397,0.9829698251293268,-0.0085706999750879,-0.0085706999750879,-5.399540984305377,-363.11518090673974,32.698412698412696,30.952380952380953,36.34920634920635
"htf_age_bars (antiguedad dentro del bloque, cuartiles)",3) medio-tardio [39.000-74.000],594,24.00970088924818,0.46452702702702703,0.8273900676722761,-0.0944645204531361,-0.0944645204531361,-56.111925149162836,-570.475875485555,32.15488215488215,33.83838383838384,34.00673400673401
"htf_age_bars (antiguedad dentro del bloque, cuartiles)",4) tardio [74.000-159.000],615,24.858528698464024,0.4894308943089431,0.8969863249462011,-0.054359962205633015,-0.054359962205633015,-33.4313767564643,-167.68556816372285,34.796747967479675,30.569105691056908,34.63414634146341
session_utc,Asia,742,29.991915925626518,0.47304582210242585,0.8474847518310901,-0.08271530062456352,-0.08271530062456352,-61.374753063426134,-863.7782477156385,32.74932614555256,30.45822102425876,36.79245283018868
session_utc,Asia/Londres (overlap),77,3.112368633791431,0.4805194805194805,0.8744201352897122,-0.06696670444073395,-0.06696670444073395,-5.156436241936515,64.4109251222617,28.57142857142857,33.76623376623377,37.66233766233766
session_utc,Londres,335,13.540824575586097,0.5313432835820896,1.0460716831071981,0.022436853696771734,0.022436853696771734,7.516345988418531,59.24443606909563,32.83582089552239,32.83582089552239,34.32835820895522
session_utc,Londres/NY (overlap),743,30.032336297493938,0.4966261808367072,0.9398382018652668,-0.030950135170661353,-0.030950135170661353,-22.995950431801386,-435.6670141034559,34.185733512786,31.22476446837147,34.58950201884253
session_utc,Nueva York,287,11.60064672594988,0.47202797202797203,0.8384760835411343,-0.08788281276896033,-0.08788281276896033,-25.222367264691616,-145.16044937822184,32.752613240418114,37.282229965156795,29.965156794425084
session_utc,Post-NY / transicion,290,11.721907841552143,0.5206896551724138,0.9529723740786951,-0.02407705394836225,-0.02407705394836225,-6.9823456450250525,-54.707937258900984,37.24137931034483,23.448275862068964,39.310344827586206
hour_utc,00h,154,6.224737267582862,0.487012987012987,0.8903545256698724,-0.05818858978092585,-0.05818858978092585,-8.961042826262581,152.7769172696876,23.376623376623375,29.87012987012987,46.75324675324675
hour_utc,01h,173,6.992724333063864,0.4682080924855491,0.8390535916185212,-0.08746243821721125,-0.08746243821721125,-15.131001811577546,-490.39172817406325,33.52601156069364,34.104046242774565,32.369942196531795
hour_utc,02h,126,5.092966855295069,0.49206349206349204,0.9212666320781789,-0.040976336961134195,-0.040976336961134195,-5.1630184571029085,-299.080433698703,37.301587301587304,29.365079365079367,33.33333333333333
hour_utc,03h,76,3.0719482619240095,0.4473684210526316,0.7646885245022427,-0.1337536519683582,-0.1337536519683582,-10.165277549595222,-144.6084397800496,27.631578947368425,35.526315789473685,36.84210526315789
hour_utc,04h,61,2.465642683912692,0.3114754098360656,0.4223285895450933,-0.41292101524763186,-0.41292101524763186,-25.188181930105543,-206.31400535154626,44.26229508196721,31.147540983606557,24.59016393442623
hour_utc,05h,76,3.0719482619240095,0.5,0.9292318170242228,-0.03658871529545569,-0.03658871529545569,-2.7807423624546326,-119.6299670462373,38.15789473684211,22.36842105263158,39.473684210526315
hour_utc,06h,76,3.0719482619240095,0.5526315789473685,1.171817721179184,0.07913831412726692,0.07913831412726692,6.014511873672286,243.46940906527334,32.89473684210527,27.631578947368425,39.473684210526315
hour_utc,07h,77,3.112368633791431,0.4805194805194805,0.8744201352897122,-0.06696670444073395,-0.06696670444073395,-5.156436241936515,64.4109251222617,28.57142857142857,33.76623376623377,37.66233766233766
hour_utc,08h,63,2.5464834276475345,0.5873015873015873,1.3409464096626103,0.14498846773319024,0.14498846773319024,9.134273467190985,94.3177765994783,33.33333333333333,33.33333333333333,33.33333333333333
hour_utc,09h,63,2.5464834276475345,0.4126984126984127,0.6627371403340411,-0.20360620296234627,-0.20360620296234627,-12.827190786627815,-164.7528134158074,22.22222222222222,36.507936507936506,41.269841269841265
hour_utc,10h,52,2.1018593371059016,0.5384615384615384,1.0915285342225323,0.04377306698478419,0.04377306698478419,2.276199483208778,117.49270793864662,40.38461538461539,26.923076923076923,32.69230769230769
hour_utc,11h,157,6.345998383185125,0.554140127388535,1.1216182033358155,0.05689849569838589,0.05689849569838589,8.933063824646585,12.186764946778109,34.394904458598724,33.12101910828025,32.48407643312102
hour_utc,12h,238,9.62004850444624,0.46218487394957986,0.8071809974647118,-0.10682711289372121,-0.10682711289372121,-25.42485286870565,-229.6062626837168,36.97478991596639,24.369747899159663,38.655462184873954
hour_utc,13h,211,8.528698464025869,0.5095238095238095,0.9934948013361805,-0.00324364798537526,-0.00324364798537526,-0.6844097249141798,-288.59796198547997,34.59715639810427,29.85781990521327,35.54502369668246
hour_utc,14h,170,6.8714632174616,0.5176470588235295,1.0290335556566386,0.014330080072879944,0.014330080072879944,2.4361136123895903,15.24552000226366,32.94117647058823,32.35294117647059,34.705882352941174
hour_utc,15h,124,5.012126111560226,0.5121951219512195,1.0110545058164284,0.00546127862442623,0.00546127862442623,0.6771985494288526,67.29169056347713,29.838709677419356,45.16129032258064,25.0
hour_utc,16h,83,3.354890864995958,0.4939759036144578,0.9300064315773799,-0.036287588382679266,-0.036287588382679266,-3.011869835762379,142.75867733998328,26.506024096385545,39.75903614457831,33.734939759036145
hour_utc,17h,73,2.950687146321746,0.4444444444444444,0.7625769168881364,-0.1340639141953292,-0.1340639141953292,-9.786665736259032,-19.077054187883533,27.397260273972602,45.20547945205479,27.397260273972602
hour_utc,18h,47,1.8997574777687956,0.3617021276595745,0.5304542597597716,-0.3121097847959861,-0.3121097847959861,-14.669159885411347,-154.9960942555606,36.17021276595745,21.27659574468085,42.5531914893617
hour_utc,19h,39,1.5763945028294262,0.5641025641025641,1.1889750189152812,0.08625049800714156,0.08625049800714156,3.363769422278521,-59.256290691613124,38.46153846153847,35.8974358974359,25.64102564102564
hour_utc,20h,45,1.818916734033953,0.5111111111111111,0.9510748413141646,-0.02485424954527519,-0.02485424954527519,-1.1184412295373836,-54.58968758314795,44.44444444444444,37.77777777777778,17.77777777777778
hour_utc,21h,5,0.20210185933710592,0.4,0.6306340619067737,-0.22778992933769188,-0.22778992933769188,-1.1389496466884594,5.2759053669555165,0.0,100.0,0.0
hour_utc,22h,137,5.537590945836702,0.5109489051094891,0.9165272514702469,-0.04368327549881554,-0.04368327549881554,-5.984608743337729,-11.03990446572223,38.68613138686132,13.86861313868613,47.44525547445255
hour_utc,23h,148,5.982215036378335,0.5337837837837838,1.0019161939892103,0.0009541401689266172,0.0009541401689266172,0.14121274500113934,-48.943938160134294,37.16216216216216,29.72972972972973,33.108108108108105
weekday,Domingo,45,1.818916734033953,0.4888888888888889,0.888581522777704,-0.05918292202825395,-0.05918292202825395,-2.6632314912714277,-125.93762760136185,33.33333333333333,22.22222222222222,44.44444444444444
weekday,Jueves,491,19.8464025869038,0.5204081632653061,1.0179324035981667,0.008871180219938012,0.008871180219938012,4.355749487989564,-11.965687003155807,33.401221995926676,32.17922606924644,34.419551934826885
weekday,Lunes,484,19.56345998383185,0.5330578512396694,1.066878608425083,0.03228919532980522,0.03228919532980522,15.627970539625725,203.4710296099392,34.29752066115703,30.165289256198346,35.53719008264463
weekday,Martes,533,21.54405820533549,0.4821763602251407,0.8643869867766238,-0.07266409719201136,-0.07266409719201136,-38.72996380334206,-482.8137533038137,33.95872420262664,28.330206378986865,37.71106941838649
weekday,Miercoles,512,20.695230396119644,0.486328125,0.8851771011049814,-0.06097761733244899,-0.06097761733244899,-31.220540074213883,-384.62635190067937,34.765625,31.25,33.984375
weekday,Viernes,409,16.53193209377526,0.4398034398034398,0.7385041288838493,-0.1505757733918095,-0.1505757733918095,-61.58549131725009,-573.7858970657885,31.05134474327628,35.2078239608802,33.74083129584352
direction,LONG,1189,48.059822150363786,0.4675652906486942,0.8181640653633863,-0.10013101916718985,-0.10013101916718985,-119.05578178978872,-1393.2565857156228,32.63246425567704,28.511354079058034,38.85618166526493
direction,SHORT,1285,51.940177849636214,0.5179127725856698,1.0075778394669306,0.003766751074962301,0.003766751074962301,4.840275131326557,17.59829845076274,34.474708171206224,33.46303501945525,32.06225680933852
d1_trend,alcista,397,16.046887631366207,0.494949494949495,0.92009967612725,-0.04157110336116251,-0.04157110336116251,-16.503728034381517,-155.06805018473375,32.49370277078086,43.32493702770781,24.181360201511335
d1_trend,bajista,249,10.064672594987874,0.4738955823293173,0.841681633991891,-0.08598003389547253,-0.08598003389547253,-21.40902843997266,-238.30341411606904,36.94779116465863,22.08835341365462,40.963855421686745
d1_trend,insuficiente,18,0.7275666936135812,0.3333333333333333,0.4667435568176958,-0.3667160381479358,-0.3667160381479358,-6.600888686662844,-43.42594213689017,100.0,0.0,0.0
d1_trend,sin_secuencia,1810,73.16087308003235,0.497787610619469,0.925795683916299,-0.03850931574444482,-0.03850931574444482,-69.70186149744512,-938.8608808271671,32.707182320441994,29.944751381215468,37.348066298342545
aligned_with_d1,False,325,13.136620856911884,0.4246153846153846,0.691891328005869,-0.18292305028180586,-0.18292305028180586,-59.44999134158691,-520.5758976304445,33.84615384615385,37.84615384615385,28.307692307692307
aligned_with_d1,True,321,12.974939369442199,0.55,1.1447100308974314,0.06709418961754744,0.06709418961754744,21.53723486723273,127.2044333296416,34.57943925233645,32.398753894081,33.021806853582554
aligned_with_d1,sin_dato,1828,73.88843977364591,0.49616648411829134,0.9198249554646184,-0.04174111060399781,-0.04174111060399781,-76.30275018410799,-982.2868229640573,33.36980306345733,29.64989059080963,36.98030634573304
divergencia_score,-1,90,3.637833468067906,0.4111111111111111,0.6427923147355583,-0.21883276823721265,-0.21883276823721265,-19.694949141349138,-363.0800713935033,36.666666666666664,32.22222222222222,31.11111111111111
divergencia_score,0,1973,79.74939369442198,0.49796954314720815,0.9282368774940412,-0.037177333651437154,-0.037177333651437154,-73.3508792942855,-753.8424034287034,33.19817536746072,31.779016725798275,35.02280790674101
divergencia_score,1,411,16.612772837510107,0.49148418491484186,0.9020932367955873,-0.0515077329022568,-0.0515077329022568,-21.169678222827542,-258.73581244265347,34.79318734793188,27.49391727493917,37.71289537712895
tendencia_score,-1,226,9.135004042037187,0.4823008849557522,0.8758248852033207,-0.0662480980133315,-0.0662480980133315,-14.972070151012916,69.13295268262613,34.95575221238938,31.858407079646017,33.1858407079646
tendencia_score,0,2242,90.62247372675829,0.4944171505136222,0.9136590454783896,-0.045092015547972424,-0.045092015547972424,-101.09629885855418,-1423.976024889335,33.407671721677076,31.043710972346116,35.548617305976805
tendencia_score,1,6,0.2425222312045271,0.6666666666666666,1.9194478855369106,0.30881039185082065,0.30881039185082065,1.852862351104924,-20.815215058151352,50.0,16.666666666666664,33.33333333333333
cvp_score,0,2474,100.0,0.4937272359368677,0.9116993043082539,-0.04616633252160961,-0.04616633252160961,-114.21550665846217,-1375.65828726486,33.589329021827005,31.083265966046884,35.327405012126114
nodo_score,-1,2194,88.68229587712207,0.4965769055225924,0.9234465574779831,-0.03975278696097752,-0.03975278696097752,-87.21761459238468,-1421.2146285414117,32.72561531449407,31.449407474931633,35.824977210574296
nodo_score,0,280,11.317704122877931,0.4714285714285714,0.8248937167638769,-0.0964210430931339,-0.0964210430931339,-26.997892066077494,45.556341276551564,40.35714285714286,28.214285714285715,31.428571428571427
sub_periodo,sub1,831,33.589329021827005,0.4717208182912154,0.8211183794398006,-0.09830561867444054,-0.09830561867444054,-81.6919691184601,-561.9576472361284,100.0,0.0,0.0
sub_periodo,sub2,769,31.083265966046884,0.5241199478487614,1.0511818106151198,0.024906879113612727,0.024906879113612727,19.153390038368187,-25.647652644658024,0.0,100.0,0.0
sub_periodo,sub3,874,35.327405012126114,0.4879725085910653,0.8882852626427467,-0.059126919426052936,-0.059126919426052936,-51.67692757837027,-788.0529873840736,0.0,0.0,100.0
