scope,variable,categoria,pct_winners,pct_losers,n_winners,n_losers
global,direction,SHORT,54.50819672131148,49.480415667466026,665,619
global,direction,LONG,45.49180327868852,50.519584332533974,555,632
global,session_utc,Nueva York,11.065573770491802,12.070343725019985,135,151
global,session_utc,Londres,14.59016393442623,12.54996003197442,178,157
global,session_utc,Londres/NY (overlap),30.16393442622951,29.816147082334133,368,373
global,session_utc,Asia,28.770491803278688,31.254996003197444,351,391
global,session_utc,Post-NY / transicion,12.37704918032787,11.11111111111111,151,139
global,session_utc,Asia/Londres (overlap),3.0327868852459017,3.1974420463629096,37,40
global,weekday,Miercoles,20.40983606557377,21.02318145483613,249,263
global,weekday,Lunes,21.147540983606557,18.06554756195044,258,226
global,weekday,Martes,21.065573770491802,22.062350119904075,257,276
global,weekday,Jueves,20.901639344262296,18.784972022382092,255,235
global,weekday,Viernes,14.672131147540984,18.225419664268586,179,228
global,weekday,Domingo,1.8032786885245904,1.8385291766586729,22,23
global,d1_trend,insuficiente,0.49180327868852464,0.9592326139088728,6,12
global,d1_trend,alcista,16.065573770491802,15.987210231814547,196,200
global,d1_trend,bajista,9.672131147540984,10.471622701838529,118,131
global,d1_trend,sin_secuencia,73.77049180327869,72.58193445243805,900,908
global,aligned_with_d1,False,11.311475409836065,14.948041566746603,138,187
global,aligned_with_d1,True,14.426229508196723,11.510791366906476,176,144
global,aligned_with_d1,nan,74.26229508196721,73.54116706634693,906,920
global,divergencia_score,0,80.40983606557377,79.05675459632295,981,989
global,divergencia_score,1,16.557377049180328,16.706634692246205,202,209
global,divergencia_score,-1,3.0327868852459017,4.236610711430855,37,53
global,tendencia_score,0,90.73770491803279,90.48760991207034,1107,1132
global,tendencia_score,1,0.32786885245901637,0.15987210231814547,4,2
global,tendencia_score,-1,8.934426229508198,9.352517985611511,109,117
global,nodo_score,0,10.819672131147541,11.830535571542766,132,148
global,nodo_score,-1,89.18032786885246,88.16946442845723,1088,1103
sub1,direction,SHORT,52.806122448979586,53.75854214123007,207,236
sub1,direction,LONG,47.19387755102041,46.24145785876993,185,203
sub1,session_utc,Nueva York,9.438775510204081,12.984054669703873,37,57
sub1,session_utc,Londres,13.77551020408163,12.756264236902052,54,56
sub1,session_utc,Londres/NY (overlap),30.102040816326532,30.979498861047837,118,136
sub1,session_utc,Asia,28.316326530612244,30.068337129840543,111,132
sub1,session_utc,Post-NY / transicion,15.051020408163266,11.161731207289293,59,49
sub1,session_utc,Asia/Londres (overlap),3.316326530612245,2.050113895216401,13,9
sub1,weekday,Miercoles,20.408163265306122,22.323462414578586,80,98
sub1,weekday,Lunes,20.918367346938776,19.134396355353076,82,84
sub1,weekday,Martes,21.93877551020408,21.64009111617312,86,95
sub1,weekday,Jueves,21.683673469387756,17.995444191343964,85,79
sub1,weekday,Viernes,12.5,17.76765375854214,49,78
sub1,weekday,Domingo,2.5510204081632653,1.1389521640091116,10,5
sub1,d1_trend,insuficiente,1.530612244897959,2.733485193621868,6,12
sub1,d1_trend,alcista,15.306122448979592,15.717539863325742,60,69
sub1,d1_trend,bajista,11.224489795918368,10.933940774487471,44,48
sub1,d1_trend,sin_secuencia,71.93877551020408,70.61503416856492,282,310
sub1,aligned_with_d1,False,11.224489795918368,15.034168564920272,44,66
sub1,aligned_with_d1,True,15.306122448979592,11.617312072892938,60,51
sub1,aligned_with_d1,nan,73.46938775510205,73.34851936218679,288,322
sub1,divergencia_score,0,79.59183673469387,78.13211845102505,312,343
sub1,divergencia_score,1,16.581632653061224,17.76765375854214,65,78
sub1,divergencia_score,-1,3.826530612244898,4.100227790432802,15,18
sub1,tendencia_score,0,91.58163265306123,88.8382687927107,359,390
sub1,tendencia_score,1,0.5102040816326531,0.22779043280182232,2,1
sub1,tendencia_score,-1,7.908163265306123,10.933940774487471,31,48
sub1,nodo_score,0,11.989795918367346,15.034168564920272,47,66
sub1,nodo_score,-1,88.01020408163265,84.96583143507974,345,373
sub2,direction,SHORT,58.70646766169154,52.87671232876713,236,193
sub2,direction,LONG,41.29353233830846,47.12328767123288,166,172
sub2,session_utc,Nueva York,15.422885572139302,12.054794520547945,62,44
sub2,session_utc,Londres,15.422885572139302,13.150684931506849,62,48
sub2,session_utc,Londres/NY (overlap),29.35323383084577,30.958904109589042,118,113
sub2,session_utc,Asia,27.611940298507463,31.506849315068493,111,115
sub2,session_utc,Post-NY / transicion,8.955223880597014,8.767123287671232,36,32
sub2,session_utc,Asia/Londres (overlap),3.233830845771144,3.5616438356164384,13,13
sub2,weekday,Miercoles,19.900497512437813,21.91780821917808,80,80
sub2,weekday,Lunes,19.402985074626866,18.63013698630137,78,68
sub2,weekday,Martes,19.65174129353234,19.726027397260275,79,72
sub2,weekday,Jueves,21.144278606965177,19.726027397260275,85,72
sub2,weekday,Viernes,18.65671641791045,18.63013698630137,75,68
sub2,weekday,Domingo,1.2437810945273633,1.36986301369863,5,5
sub2,d1_trend,bajista,5.970149253731343,8.493150684931507,24,31
sub2,d1_trend,alcista,22.388059701492537,22.465753424657535,90,82
sub2,d1_trend,sin_secuencia,71.64179104477611,69.04109589041096,288,252
sub2,aligned_with_d1,False,13.184079601990051,19.17808219178082,53,70
sub2,aligned_with_d1,True,15.17412935323383,11.78082191780822,61,43
sub2,aligned_with_d1,nan,71.64179104477611,69.04109589041096,288,252
sub2,divergencia_score,0,82.08955223880598,80.82191780821918,330,295
sub2,divergencia_score,1,15.17412935323383,14.246575342465754,61,52
sub2,divergencia_score,-1,2.736318407960199,4.931506849315069,11,18
sub2,tendencia_score,0,90.04975124378109,90.95890410958904,362,332
sub2,tendencia_score,1,0.0,0.273972602739726,0,1
sub2,tendencia_score,-1,9.950248756218906,8.767123287671232,40,32
sub2,nodo_score,0,10.44776119402985,10.136986301369863,42,37
sub2,nodo_score,-1,89.55223880597015,89.86301369863014,360,328
sub3,direction,SHORT,52.112676056338024,42.505592841163306,222,190
sub3,direction,LONG,47.88732394366197,57.494407158836694,204,257
sub3,session_utc,Nueva York,8.450704225352112,11.185682326621924,36,50
sub3,session_utc,Londres,14.553990610328638,11.856823266219239,62,53
sub3,session_utc,Londres/NY (overlap),30.985915492957744,27.740492170022375,132,124
sub3,session_utc,Asia,30.28169014084507,32.21476510067114,129,144
sub3,session_utc,Post-NY / transicion,13.145539906103288,12.97539149888143,56,58
sub3,session_utc,Asia/Londres (overlap),2.5821596244131455,4.026845637583892,11,18
sub3,weekday,Miercoles,20.89201877934272,19.015659955257274,89,85
sub3,weekday,Lunes,23.004694835680752,16.55480984340045,98,74
sub3,weekday,Martes,21.5962441314554,24.384787472035793,92,109
sub3,weekday,Jueves,19.953051643192488,18.79194630872483,85,84
sub3,weekday,Viernes,12.910798122065728,18.344519015659955,55,82
sub3,weekday,Domingo,1.643192488262911,2.9082774049217,7,13
sub3,d1_trend,bajista,11.737089201877934,11.6331096196868,50,52
sub3,d1_trend,alcista,10.7981220657277,10.961968680089486,46,49
sub3,d1_trend,sin_secuencia,77.46478873239437,77.40492170022371,330,346
sub3,aligned_with_d1,False,9.624413145539906,11.409395973154362,41,51
sub3,aligned_with_d1,True,12.910798122065728,11.185682326621924,55,50
sub3,aligned_with_d1,nan,77.46478873239437,77.40492170022371,330,346
sub3,divergencia_score,0,79.5774647887324,78.52348993288591,339,351
sub3,divergencia_score,1,17.84037558685446,17.67337807606264,76,79
sub3,divergencia_score,-1,2.5821596244131455,3.803131991051454,11,17
sub3,tendencia_score,0,90.61032863849765,91.72259507829978,386,410
sub3,tendencia_score,1,0.4694835680751174,0.0,2,0
sub3,tendencia_score,-1,8.92018779342723,8.277404921700224,38,37
sub3,nodo_score,0,10.093896713615024,10.06711409395973,43,45
sub3,nodo_score,-1,89.90610328638498,89.93288590604027,383,402
