config,rr,sub_periodo,desde,hasta,n_velas,n_trades,win_rate,net_r,expectancy_r,profit_factor,max_drawdown_r,max_loss_streak
A_RR1,1.0,sub1,2025-04-14 18:50:03,2025-10-02 20:25:03,33501,831,0.4717208182912154,-81.69196911846016,-0.09830561867444063,0.8211183794398009,84.86177129645574,10
A_RR1,1.0,sub2,2025-10-02 20:30:03,2026-03-25 22:40:03,33501,768,0.5248041775456919,20.176210769035443,0.026271107772181567,1.054062759306319,24.191107848349837,6
A_RR1,1.0,sub3,2026-03-25 22:45:03,2026-09-15 00:40:03,33503,876,0.48914285714285716,-49.71507795487029,-0.05675237209460079,0.8925263722770477,81.14229122861042,8
A_RR2,2.0,sub1,2025-04-14 18:50:03,2025-10-02 20:25:03,33501,711,0.3004231311706629,-99.77642489783688,-0.14033252446953148,0.8069833965234484,108.37223721819355,12
A_RR2,2.0,sub2,2025-10-02 20:30:03,2026-03-25 22:40:03,33501,633,0.35135135135135137,20.683198565186938,0.032674879249900375,1.0494958193565787,25.486358524902265,11
A_RR2,2.0,sub3,2026-03-25 22:45:03,2026-09-15 00:40:03,33503,698,0.31850789096126253,-53.791444194486246,-0.07706510629582557,0.8902437915781358,79.35716971845679,21
A_RR3,3.0,sub1,2025-04-14 18:50:03,2025-10-02 20:25:03,33501,550,0.22992700729927007,-66.44561855646036,-0.12081021555720066,0.8490572367083314,84.42547698827602,17
A_RR3,3.0,sub2,2025-10-02 20:30:03,2026-03-25 22:40:03,33501,450,0.23636363636363636,-24.788742223080266,-0.05508609382906726,0.9280446021326554,43.82164266893575,21
A_RR3,3.0,sub3,2026-03-25 22:45:03,2026-09-15 00:40:03,33503,526,0.225,-62.78003483982014,-0.11935367840269988,0.8492023743310028,104.99304005502016,34
A_RR4,4.0,sub1,2025-04-14 18:50:03,2025-10-02 20:25:03,33501,464,0.18161925601750548,-48.43986179792618,-0.1043962538748409,0.8758472585306822,61.03912701670653,19
A_RR4,4.0,sub2,2025-10-02 20:30:03,2026-03-25 22:40:03,33501,366,0.1977401129943503,0.17070329974957454,0.00046640245833217087,1.000585836551548,32.54567634375,17
A_RR4,4.0,sub3,2026-03-25 22:45:03,2026-09-15 00:40:03,33503,421,0.17718446601941748,-47.35443707427705,-0.11248084815742768,0.8646396852934655,80.24133276355425,33
A_RR5,5.0,sub1,2025-04-14 18:50:03,2025-10-02 20:25:03,33501,393,0.16623376623376623,-3.2139770414182096,-0.008178058629562874,0.9903957837550963,44.99669853505044,23
A_RR5,5.0,sub2,2025-10-02 20:30:03,2026-03-25 22:40:03,33501,304,0.17525773195876287,27.67458754176844,0.09103482744002776,1.112404756479488,32.07192859169279,13
A_RR5,5.0,sub3,2026-03-25 22:45:03,2026-09-15 00:40:03,33503,360,0.13623188405797101,-40.73056680228751,-0.11314046333968754,0.867700792677911,73.8815948371938,30
A_RR7,7.0,sub1,2025-04-14 18:50:03,2025-10-02 20:25:03,33501,314,0.1174496644295302,8.149169513023365,0.025952769149755937,1.0296264681912244,34.40080946110619,23
A_RR7,7.0,sub2,2025-10-02 20:30:03,2026-03-25 22:40:03,33501,257,0.12184873949579832,33.501659906531735,0.1303566533328083,1.1556751702797754,25.86597433878945,25
A_RR7,7.0,sub3,2026-03-25 22:45:03,2026-09-15 00:40:03,33503,308,0.10380622837370242,-13.961734636398665,-0.045330307261034625,0.94786058464285,66.68331390439076,25
B_referencia_motor_corregido,3.0,sub1,2025-04-14 18:50:03,2025-10-02 20:25:03,33501,385,0.2454308093994778,-19.592214248572304,-0.050888868178109885,0.9344582077152265,35.449114851752064,14
B_referencia_motor_corregido,3.0,sub2,2025-10-02 20:30:03,2026-03-25 22:40:03,33501,328,0.24290220820189273,-5.575525880085261,-0.016998554512455064,0.9772632482865491,31.418050719356714,10
B_referencia_motor_corregido,3.0,sub3,2026-03-25 22:45:03,2026-09-15 00:40:03,33503,364,0.24649859943977592,-7.765371805883949,-0.021333439027153706,0.9719781149079121,59.47378790007286,16
