category,trade_id,bar,time_utc,direction,close,tv22_day_first_bar,tv22_day_first_time,daily_open_TV22,D_state_TV22,daily_open_UTC00,D_state_UTC00,daily_open_NY18,D_state_NY18,htf_block_start,new_htf_block,res_src,sup_src,pivot_1,pivot_2,pivot_3,hch_active_level,hch_form_bar,HCH_state,m15_bucket_start,ema200_m15_prev,ema200_m15_smooth,ema50,ema200,max_input_bar
utc_day_transition,L00070,1978,2025-04-25 00:05:03,LONG,3354.362,1957,2025-04-24 22:20:03,3353.176,ALIGNED,3348.951,ALIGNED,3353.176,ALIGNED,2025-04-24 22:00:00,False,3370.789,3346.946,3346.946,3347.281,3349.632,3352.716,1958.0,NO_HCH,2025-04-25 00:00:00,3340.386777283689,3340.5258342261395,3349.129771026076,3337.0185423931794,1978
utc_day_transition,L00078,2252,2025-04-28 00:00:03,LONG,3308.068,2229,2025-04-27 22:05:03,3325.64,AGAINST,3302.791,ALIGNED,3325.64,AGAINST,2025-04-27 22:00:00,False,3330.273,3298.606,3298.606,3299.261,3300.242,3320.909,2230.0,NO_HCH,2025-04-28 00:00:00,3318.4484763102173,3318.3451879887225,3305.736086409082,3302.856256604306,2252
utc_day_transition,L00130,3631,2025-05-05 00:00:03,SHORT,3246.476,3608,2025-05-04 22:05:03,3238.49,AGAINST,3247.969,ALIGNED,3238.49,AGAINST,2025-05-04 22:00:00,False,3252.3,3237.49,3252.3,3251.298,3249.897,3241.48,3609.0,NO_HCH,2025-05-05 00:00:00,3251.2064697327673,3251.1594003821924,3240.9726261940837,3242.8250239947724,3631
utc_day_transition,L00202,5838,2025-05-15 00:00:03,SHORT,3182.339,5814,2025-05-14 22:00:03,3179.701,AGAINST,3185.934,ALIGNED,3179.701,AGAINST,2025-05-14 22:00:00,False,3187.312,3179.506,3187.312,3186.956,3185.891,,5699.0,NO_HCH,2025-05-15 00:00:00,3226.086710588058,3225.6514099851915,3182.4966195438983,3197.17184820769,5838
utc_day_transition,L00222,6389,2025-05-19 00:00:03,LONG,3236.433,6366,2025-05-18 22:05:03,3214.226,ALIGNED,3234.947,ALIGNED,3214.226,ALIGNED,2025-05-18 22:00:00,False,3245.26,3211.644,3211.644,3154.289,3154.699,3211.644,6367.0,HCH,2025-05-19 00:00:00,3204.3288919478578,3204.648335809073,3219.664271191161,3202.851506911917,6389
utc_day_transition,L00230,6665,2025-05-20 00:00:03,LONG,3223.891,6641,2025-05-19 22:00:03,3229.311,AGAINST,3222.561,ALIGNED,3229.311,AGAINST,2025-05-19 22:00:00,False,3230.416,3219.097,3219.097,3219.426,3220.877,3227.41,6642.0,NO_HCH,2025-05-20 00:00:00,3220.3322371013387,3220.367647677445,3226.9418860891033,3228.6017841341595,6665
utc_day_transition,L00271,8011,2025-05-27 00:05:03,LONG,3347.342,7987,2025-05-26 22:05:03,3346.458,ALIGNED,3346.182,ALIGNED,3346.458,ALIGNED,2025-05-26 22:00:00,False,3348.862,3342.829,3342.829,3326.35,3326.44,3342.829,7988.0,HCH,2025-05-27 00:00:00,3332.7221913137296,3332.8676620469264,3344.073914393904,3340.71884479109,8011
utc_day_transition,L00364,10768,2025-06-10 00:00:03,SHORT,3321.44,10744,2025-06-09 22:00:03,3325.892,ALIGNED,3326.809,ALIGNED,3325.892,ALIGNED,2025-06-09 22:00:00,False,3327.944,3321.44,3327.944,3327.727,3326.928,3325.892,10745.0,NO_HCH,2025-06-10 00:00:00,3333.156292925306,3333.0397128961986,3326.729749960058,3325.4867734672057,10768
utc_day_transition,L00454,14033,2025-06-26 00:00:03,SHORT,3335.183,14009,2025-06-25 22:00:03,3335.125,AGAINST,3338.987,ALIGNED,3335.125,AGAINST,2025-06-25 22:00:00,False,3340.158,3331.266,3340.158,3339.841,3338.23,,14010.0,NO_HCH,2025-06-26 00:00:00,3334.0491432218196,3334.0604253788165,3334.106839509394,3329.5371555090173,14033
utc_day_transition,L00494,15137,2025-07-02 00:05:03,LONG,3342.536,15112,2025-07-01 22:00:03,3337.692,ALIGNED,3338.186,ALIGNED,3337.692,ALIGNED,2025-07-01 22:00:00,False,3343.826,3334.578,3334.578,3336.814,3336.88,3337.584,15113.0,NO_HCH,2025-07-02 00:00:00,3321.1333558678375,3321.3463175009933,3339.645408119939,3337.122868985747,15137
utc_day_transition,L00713,22258,2025-08-07 00:10:03,LONG,3369.889,22232,2025-08-06 22:00:03,3371.635,AGAINST,3370.205,AGAINST,3371.635,AGAINST,2025-08-06 22:00:00,False,3374.796,3365.192,3365.192,3367.606,3368.171,3371.529,22233.0,NO_HCH,2025-08-07 00:00:00,3368.5723116822796,3368.5854130585753,3370.4662486172365,3371.5377746766612,22258
utc_day_transition,L00771,24187,2025-08-18 00:05:03,LONG,3331.644,24163,2025-08-17 22:05:03,3334.569,AGAINST,3327.08,ALIGNED,3334.569,AGAINST,2025-08-17 22:00:00,False,3335.381,3323.503,3323.503,3323.866,3330.033,3333.017,24164.0,NO_HCH,2025-08-18 00:00:00,3343.555055484231,3343.4365375192137,3333.0569562737505,3337.571780167826,24187
tv22_day_transition,L00097,2781,2025-04-29 22:05:03,LONG,3322.383,2780,2025-04-29 22:00:03,3317.26,ALIGNED,3337.643,AGAINST,3317.26,ALIGNED,2025-04-29 22:00:00,False,3323.362,3317.102,3317.102,3299.649,3299.78,3317.102,2781.0,HCH,2025-04-29 22:00:00,3316.7221460288224,3316.7784729340083,3319.851813831212,3317.9806552423656,2781
tv22_day_transition,L00138,3884,2025-05-05 22:05:03,SHORT,3330.579,3883,2025-05-05 22:00:03,3336.247,ALIGNED,3247.969,AGAINST,3336.247,ALIGNED,2025-05-05 22:00:00,False,3338.052,3330.579,3338.052,3337.678,3337.466,,3768.0,NO_HCH,2025-05-05 22:00:00,3278.2985923740844,3278.8187954350387,3325.9660900690733,3304.4974025403367,3884
tv22_day_transition,L00157,4435,2025-05-07 22:00:03,LONG,3372.519,4435,2025-05-07 22:00:03,3366.954,ALIGNED,3400.723,AGAINST,3366.954,ALIGNED,2025-05-07 22:00:00,True,,,3363.692,3372.066,3375.662,3384.395,4320.0,NO_HCH,2025-05-07 22:00:00,3367.3480640433822,3367.399516142453,3376.192563219426,3383.0098483171264,4435
tv22_day_transition,L00158,4436,2025-05-07 22:05:03,SHORT,3368.897,4435,2025-05-07 22:00:03,3366.954,AGAINST,3400.723,ALIGNED,3366.954,AGAINST,2025-05-07 22:00:00,False,3373.86,3366.954,3373.86,3398.114,3393.812,3373.86,4436.0,HCH,2025-05-07 22:00:00,3367.3480640433822,3367.363476341458,3375.9064627010175,3382.8694219657127,4436
tv22_day_transition,L00182,5263,2025-05-12 22:05:03,SHORT,3234.239,5262,2025-05-12 22:00:03,3239.778,ALIGNED,3287.506,ALIGNED,3239.778,ALIGNED,2025-05-12 22:00:00,False,3241.807,3233.686,3241.807,3248.609,3248.396,3241.807,5263.0,HCH,2025-05-12 22:00:00,3280.9187118309023,3280.4542370863164,3232.5682733122712,3242.4964729949425,5263
tv22_day_transition,L00191,5539,2025-05-13 22:05:03,SHORT,3250.849,5538,2025-05-13 22:00:03,3252.408,ALIGNED,3236.906,AGAINST,3252.408,ALIGNED,2025-05-13 22:00:00,False,3253.144,3249.751,3253.144,3258.576,3265.659,,5423.0,NO_HCH,2025-05-13 22:00:00,3260.320038279144,3260.2257990922867,3249.6855696480925,3247.7734251237785,5539
tv22_day_transition,L00280,8264,2025-05-27 22:10:03,SHORT,3303.313,8262,2025-05-27 22:00:03,3301.445,AGAINST,3346.182,ALIGNED,3301.445,AGAINST,2025-05-27 22:00:00,False,3305.281,3301.411,3305.281,3308.008,3306.818,3305.281,8263.0,HCH,2025-05-27 22:00:00,3318.6844172124715,3318.5314677874717,3302.5538817566303,3306.681435963035,8264
tv22_day_transition,L00297,8815,2025-05-29 22:05:03,SHORT,3316.045,8814,2025-05-29 22:00:03,3320.033,ALIGNED,3259.911,AGAINST,3320.033,ALIGNED,2025-05-29 22:00:00,False,3321.098,3315.886,3321.098,3331.253,3329.545,3321.098,8815.0,HCH,2025-05-29 22:00:00,3302.7043661438456,3302.83710876928,3317.9939778933253,3306.868741968344,8815
tv22_day_transition,L00442,13734,2025-06-24 22:05:03,SHORT,3322.677,13733,2025-06-24 22:00:03,3324.444,ALIGNED,3344.313,ALIGNED,3324.444,ALIGNED,2025-06-24 22:00:00,False,3324.444,3322.09,3324.444,3328.514,3366.011,,13458.0,NO_HCH,2025-06-24 22:00:00,3343.4474121682065,3343.2407414003637,3320.1085313805293,3324.4898533316314,13734
tv22_day_transition,L00492,15113,2025-07-01 22:05:03,SHORT,3337.978,15112,2025-07-01 22:00:03,3337.692,AGAINST,3312.432,AGAINST,3337.692,AGAINST,2025-07-01 22:00:00,False,3340.713,3337.584,3340.713,3358.015,3357.139,3340.713,15113.0,HCH,2025-07-01 22:00:00,3319.54556140834,3319.7289687575108,3339.309366779707,3336.336251006501,15113
tv22_day_transition,L00628,19751,2025-07-24 22:05:03,SHORT,3367.485,19750,2025-07-24 22:00:03,3368.512,ALIGNED,3390.047,ALIGNED,3368.512,ALIGNED,2025-07-24 22:00:00,False,3369.99,3367.121,3369.99,3377.43,3376.95,3369.99,19751.0,HCH,2025-07-24 22:00:00,3385.261955020268,3385.0850698956883,3369.934120841,3373.055150752301,19751
tv22_day_transition,L00673,21130,2025-07-31 22:05:03,SHORT,3291.06,21129,2025-07-31 22:00:03,3289.847,AGAINST,3285.257,AGAINST,3289.847,AGAINST,2025-07-31 22:00:00,False,3292.585,3289.583,3292.585,3311.164,3310.48,3292.585,21130.0,HCH,2025-07-31 22:00:00,3305.511770547609,3305.3679718356925,3293.498219661035,3297.412476658745,21130
m15_transition,L00001,17,2025-04-14 20:15:03,SHORT,3210.882,0,2025-04-14 18:50:03,3204.624,UNAVAILABLE,3204.624,UNAVAILABLE,3204.624,UNAVAILABLE,2025-04-14 11:20:00,False,3213.821,3202.236,3213.821,3213.083,3212.895,,,NO_HCH,2025-04-14 20:15:00,3208.257156581932,3208.283274426888,3207.5947263053363,3205.27335590252,17
m15_transition,L00002,35,2025-04-14 22:45:03,SHORT,3212.545,26,2025-04-14 22:00:03,3211.99,AGAINST,3204.624,UNAVAILABLE,3211.99,AGAINST,2025-04-14 22:00:00,False,3215.225,3210.78,3215.225,3213.961,3213.686,3213.686,27.0,NO_HCH,2025-04-14 22:45:00,3208.4937102765666,3208.5340216170985,3209.9150919918925,3206.3735959338455,35
m15_transition,L00005,194,2025-04-15 12:00:03,LONG,3221.239,26,2025-04-14 22:00:03,3211.99,ALIGNED,3212.601,ALIGNED,3211.99,ALIGNED,2025-04-15 11:20:00,False,3222.31,3216.776,3216.776,3218.09,3218.383,3219.641,187.0,NO_HCH,2025-04-15 12:00:00,3214.4454028996215,3214.51300088072,3223.1446339303548,3220.033580656278,194
m15_transition,L00009,218,2025-04-15 14:00:03,LONG,3219.715,26,2025-04-14 22:00:03,3211.99,ALIGNED,3212.601,ALIGNED,3211.99,ALIGNED,2025-04-15 11:20:00,False,3226.359,3211.599,3211.599,3211.627,3214.265,3219.641,187.0,NO_HCH,2025-04-15 14:00:00,3214.838272496846,3214.886797148619,3220.7795573728354,3219.959026096633,218
m15_transition,L00010,230,2025-04-15 15:00:03,SHORT,3218.912,26,2025-04-14 22:00:03,3211.99,AGAINST,3212.601,AGAINST,3211.99,AGAINST,2025-04-15 11:20:00,False,3226.861,3211.599,3226.861,3226.359,3226.175,3221.845,187.0,NO_HCH,2025-04-15 15:00:00,3215.1361934898264,3215.173763703858,3221.39650624526,3220.2392606573967,230
m15_transition,L00012,293,2025-04-15 20:15:03,SHORT,3227.768,26,2025-04-14 22:00:03,3211.99,AGAINST,3212.601,AGAINST,3211.99,AGAINST,2025-04-15 11:20:00,False,3233.674,3211.599,3233.674,3233.432,3231.861,3221.845,187.0,NO_HCH,2025-04-15 20:15:00,3217.0962537283967,3217.2024402584625,3226.776780881105,3222.7827871211402,293
m15_transition,L00018,398,2025-04-16 06:00:03,SHORT,3287.035,302,2025-04-15 22:00:03,3230.815,AGAINST,3251.804,AGAINST,3230.815,AGAINST,2025-04-15 22:00:00,False,3291.785,3229.896,3291.785,3290.707,3289.066,3233.315,303.0,NO_HCH,2025-04-16 06:00:00,3231.022613536586,3231.5799507153265,3277.9783361354453,3252.0647692369635,398
m15_transition,L00023,500,2025-04-16 14:30:03,SHORT,3309.959,302,2025-04-15 22:00:03,3230.815,AGAINST,3251.804,AGAINST,3230.815,AGAINST,2025-04-16 11:20:00,False,3319.62,3293.164,3319.62,3316.499,3313.723,3300.215,463.0,NO_HCH,2025-04-16 14:30:00,3251.6401876665022,3252.220474356388,3306.0617579599075,3285.132044039661,500
m15_transition,L00027,614,2025-04-17 01:00:03,LONG,3346.805,578,2025-04-16 22:00:03,3343.801,ALIGNED,3350.168,AGAINST,3343.801,ALIGNED,2025-04-16 22:00:00,False,3357.752,3342.027,3342.027,3342.051,3343.035,,303.0,NO_HCH,2025-04-17 01:00:00,3278.658775499353,3279.3368473849314,3345.3357477230475,3322.2665873559854,614
m15_transition,L00028,629,2025-04-17 02:15:03,LONG,3335.894,578,2025-04-16 22:00:03,3343.801,AGAINST,3350.168,AGAINST,3343.801,AGAINST,2025-04-16 22:00:00,False,3357.752,3320.801,3320.801,3322.754,3328.13,,303.0,NO_HCH,2025-04-17 02:15:00,3281.6720485472188,3282.2115704522216,3341.8680528759796,3324.5441041340164,629
m15_transition,L00030,707,2025-04-17 08:45:03,LONG,3321.221,578,2025-04-16 22:00:03,3343.801,AGAINST,3350.168,AGAINST,3343.801,AGAINST,2025-04-16 22:00:00,False,3357.752,3312.683,3312.683,3314.279,3314.757,,303.0,NO_HCH,2025-04-17 08:45:00,3293.14225625428,3293.4216467393117,3326.589209943264,3327.8080773113056,707
m15_transition,L00037,994,2025-04-21 09:45:03,SHORT,3392.962,854,2025-04-20 22:05:03,3331.849,AGAINST,3348.191,AGAINST,3331.849,AGAINST,2025-04-20 22:00:00,False,3397.038,3331.288,3397.038,3396.585,3396.018,3338.51,855.0,NO_HCH,2025-04-21 09:45:00,3330.8871075337306,3331.5047681552855,3389.3948844571087,3366.2968764370266,994
htf_block_reset_or_level_update,L00000,1,2025-04-14 18:55:03,LONG,3208.11,0,2025-04-14 18:50:03,3204.624,UNAVAILABLE,3204.624,UNAVAILABLE,3204.624,UNAVAILABLE,2025-04-14 11:20:00,False,3209.137,3202.236,3202.236,,,,,UNAVAILABLE,2025-04-14 18:45:00,,,3204.3888823529414,3204.2755373134332,1
htf_block_reset_or_level_update,L00005,194,2025-04-15 12:00:03,LONG,3221.239,26,2025-04-14 22:00:03,3211.99,ALIGNED,3212.601,ALIGNED,3211.99,ALIGNED,2025-04-15 11:20:00,False,3222.31,3216.776,3216.776,3218.09,3218.383,3219.641,187.0,NO_HCH,2025-04-15 12:00:00,3214.4454028996215,3214.51300088072,3223.1446339303548,3220.033580656278,194
htf_block_reset_or_level_update,L00014,325,2025-04-15 23:55:03,LONG,3251.78,302,2025-04-15 22:00:03,3230.815,ALIGNED,3212.601,ALIGNED,3230.815,ALIGNED,2025-04-15 22:00:00,False,3251.826,3229.896,3229.896,3211.599,3211.627,3229.896,303.0,HCH,2025-04-15 23:45:00,3218.9284758106505,3219.2553566483557,3235.528837080999,3226.7576052300124,325
htf_block_reset_or_level_update,L00021,466,2025-04-16 11:40:03,LONG,3302.909,302,2025-04-15 22:00:03,3230.815,ALIGNED,3251.804,ALIGNED,3230.815,ALIGNED,2025-04-16 11:20:00,False,3303.684,3293.164,3293.164,3229.896,3211.599,,303.0,NO_HCH,2025-04-16 11:30:00,3244.5306335968344,3245.1115128645274,3299.8043483366405,3275.9198364970516,466
htf_block_reset_or_level_update,L00031,739,2025-04-17 11:25:03,SHORT,3326.949,578,2025-04-16 22:00:03,3343.801,ALIGNED,3350.168,ALIGNED,3343.801,ALIGNED,2025-04-17 11:20:00,False,3332.47,3322.949,3332.47,3357.752,3356.041,3332.47,739.0,HCH,2025-04-17 11:15:00,3296.1819653285856,3296.4881049770574,3326.2595734962247,3327.1661558154924,739
htf_block_reset_or_level_update,L00039,1014,2025-04-21 11:25:03,LONG,3392.587,854,2025-04-20 22:05:03,3331.849,ALIGNED,3348.191,ALIGNED,3331.849,ALIGNED,2025-04-21 11:20:00,False,3392.72,3387.747,3387.747,3331.288,3283.822,,855.0,NO_HCH,2025-04-21 11:15:00,3334.563450048972,3335.1407988047035,3391.639432820307,3371.267274349017,1014
htf_block_reset_or_level_update,L00050,1294,2025-04-22 11:45:03,LONG,3455.939,1129,2025-04-21 22:00:03,3423.892,ALIGNED,3434.524,ALIGNED,3423.892,ALIGNED,2025-04-22 11:20:00,False,3457.373,3448.08,3448.08,3449.221,3450.316,3450.316,1290.0,NO_HCH,2025-04-22 11:45:00,3403.509141200848,3404.030831338153,3458.9954743273593,3451.033144649793,1294
htf_block_reset_or_level_update,L00052,1301,2025-04-22 12:20:03,SHORT,3453.234,1129,2025-04-21 22:00:03,3423.892,AGAINST,3434.524,AGAINST,3423.892,AGAINST,2025-04-22 11:20:00,False,3464.803,3448.08,3464.803,3462.527,3461.272,3457.016,1290.0,NO_HCH,2025-04-22 12:15:00,3404.556457085092,3405.040810745937,3458.4968746923396,3451.4364765503565,1301
htf_block_reset_or_level_update,L00061,1571,2025-04-23 11:50:03,SHORT,3324.805,1405,2025-04-22 22:00:03,3337.567,ALIGNED,3336.607,ALIGNED,3337.567,ALIGNED,2025-04-23 11:20:00,False,3339.051,3324.805,3339.051,3386.646,3386.294,3339.051,1566.0,HCH,2025-04-23 11:45:00,3375.177615012602,3374.676394962725,3328.5888254768192,3348.5620086894864,1571
htf_block_reset_or_level_update,L00065,1848,2025-04-24 11:55:03,SHORT,3336.917,1681,2025-04-23 22:00:03,3294.995,AGAINST,3316.351,AGAINST,3294.995,AGAINST,2025-04-24 11:20:00,False,3343.988,3334.941,3343.988,3342.395,3367.574,3342.395,1842.0,NO_HCH,2025-04-24 11:45:00,3341.674927037244,3341.627584479659,3334.1955311171914,3328.028434937005,1848
htf_block_reset_or_level_update,L00073,2114,2025-04-25 11:25:03,LONG,3298.608,1957,2025-04-24 22:20:03,3353.176,AGAINST,3348.951,AGAINST,3353.176,AGAINST,2025-04-25 11:20:00,False,3299.179,3294.358,3294.358,3287.012,3299.531,3294.358,2114.0,HCH,2025-04-25 11:15:00,3332.4666986912766,3332.1297962167364,3302.2570721086477,3319.312193680492,2114
htf_block_reset_or_level_update,L00074,2116,2025-04-25 11:35:03,SHORT,3293.655,1957,2025-04-24 22:20:03,3353.176,ALIGNED,3348.951,ALIGNED,3353.176,ALIGNED,2025-04-25 11:20:00,False,3299.624,3293.655,3299.624,3299.179,3370.789,3299.179,2114.0,NO_HCH,2025-04-25 11:30:00,3332.1297962167364,3331.746962423535,3301.7849220041767,3318.8536356511268,2116
hch_check,L00014,325,2025-04-15 23:55:03,LONG,3251.78,302,2025-04-15 22:00:03,3230.815,ALIGNED,3212.601,ALIGNED,3230.815,ALIGNED,2025-04-15 22:00:00,False,3251.826,3229.896,3229.896,3211.599,3211.627,3229.896,303.0,HCH,2025-04-15 23:45:00,3218.9284758106505,3219.2553566483557,3235.528837080999,3226.7576052300124,325
hch_check,L00031,739,2025-04-17 11:25:03,SHORT,3326.949,578,2025-04-16 22:00:03,3343.801,ALIGNED,3350.168,ALIGNED,3343.801,ALIGNED,2025-04-17 11:20:00,False,3332.47,3322.949,3332.47,3357.752,3356.041,3332.47,739.0,HCH,2025-04-17 11:15:00,3296.1819653285856,3296.4881049770574,3326.2595734962247,3327.1661558154924,739
hch_check,L00061,1571,2025-04-23 11:50:03,SHORT,3324.805,1405,2025-04-22 22:00:03,3337.567,ALIGNED,3336.607,ALIGNED,3337.567,ALIGNED,2025-04-23 11:20:00,False,3339.051,3324.805,3339.051,3386.646,3386.294,3339.051,1566.0,HCH,2025-04-23 11:45:00,3375.177615012602,3374.676394962725,3328.5888254768192,3348.5620086894864,1571
hch_check,L00073,2114,2025-04-25 11:25:03,LONG,3298.608,1957,2025-04-24 22:20:03,3353.176,AGAINST,3348.951,AGAINST,3353.176,AGAINST,2025-04-25 11:20:00,False,3299.179,3294.358,3294.358,3287.012,3299.531,3294.358,2114.0,HCH,2025-04-25 11:15:00,3332.4666986912766,3332.1297962167364,3302.2570721086477,3319.312193680492,2114
hch_check,L00081,2411,2025-04-28 13:15:03,LONG,3299.702,2229,2025-04-27 22:05:03,3325.64,AGAINST,3302.791,AGAINST,3325.64,AGAINST,2025-04-28 11:20:00,False,3302.284,3284.888,3284.888,3268.102,3271.342,3284.888,2389.0,HCH,2025-04-28 13:15:00,3306.6472632417112,3306.578156144779,3291.9804711222887,3292.5030124030436,2411
hch_check,L00097,2781,2025-04-29 22:05:03,LONG,3322.383,2780,2025-04-29 22:00:03,3317.26,ALIGNED,3337.643,AGAINST,3317.26,ALIGNED,2025-04-29 22:00:00,False,3323.362,3317.102,3317.102,3299.649,3299.78,3317.102,2781.0,HCH,2025-04-29 22:00:00,3316.7221460288224,3316.7784729340083,3319.851813831212,3317.9806552423656,2781
hch_check,L00098,2784,2025-04-29 22:20:03,SHORT,3319.405,2780,2025-04-29 22:00:03,3317.26,AGAINST,3337.643,ALIGNED,3317.26,AGAINST,2025-04-29 22:00:00,False,3323.362,3317.102,3323.362,3330.013,3329.342,3323.362,2781.0,HCH,2025-04-29 22:15:00,3316.7578958195804,3316.784235164659,3319.8913060996774,3318.046551397161,2784
hch_check,L00133,3769,2025-05-05 11:30:03,SHORT,3312.953,3608,2025-05-04 22:05:03,3238.49,AGAINST,3247.969,AGAINST,3238.49,AGAINST,2025-05-05 11:20:00,False,3316.958,3311.893,3316.958,3318.985,3318.643,3316.958,3768.0,HCH,2025-05-05 11:30:00,3259.3770303942447,3259.9101246191776,3297.3213907914987,3269.563602274265,3769
hch_check,L00141,4044,2025-05-06 11:25:03,SHORT,3380.524,3883,2025-05-05 22:00:03,3336.247,AGAINST,3334.038,AGAINST,3336.247,AGAINST,2025-05-06 11:20:00,False,3385.063,3379.544,3385.063,3387.099,3385.778,3385.063,4044.0,HCH,2025-05-06 11:15:00,3313.1474264482918,3313.817840115473,3377.1306484197157,3354.857690021189,4044
hch_check,L00158,4436,2025-05-07 22:05:03,SHORT,3368.897,4435,2025-05-07 22:00:03,3366.954,AGAINST,3400.723,ALIGNED,3366.954,AGAINST,2025-05-07 22:00:00,False,3373.86,3366.954,3373.86,3398.114,3393.812,3373.86,4436.0,HCH,2025-05-07 22:00:00,3367.3480640433822,3367.363476341458,3375.9064627010175,3382.8694219657127,4436
hch_check,L00182,5263,2025-05-12 22:05:03,SHORT,3234.239,5262,2025-05-12 22:00:03,3239.778,ALIGNED,3287.506,ALIGNED,3239.778,ALIGNED,2025-05-12 22:00:00,False,3241.807,3233.686,3241.807,3248.609,3248.396,3241.807,5263.0,HCH,2025-05-12 22:00:00,3280.9187118309023,3280.4542370863164,3232.5682733122712,3242.4964729949425,5263
hch_check,L00187,5426,2025-05-13 11:40:03,SHORT,3254.896,5262,2025-05-12 22:00:03,3239.778,AGAINST,3236.906,AGAINST,3239.778,AGAINST,2025-05-13 11:20:00,False,3258.576,3253.286,3258.576,3265.659,3263.969,3258.576,5423.0,HCH,2025-05-13 11:30:00,3266.4524297920493,3266.3374404408846,3254.1632214665565,3247.8448309416312,5426
