candidate,cohort,universe,N,pct,N_LONG,N_SHORT,fill_rate,wins,losses,timeouts,WR,pnl_total,pnl_mean,pnl_median,PF,ExpR,ExpR_LONG,WR_LONG,ExpR_SHORT,WR_SHORT
D_state_TV22,AGAINST,A_coverage,2276,0.709697536638603,1035.0,1241.0,,,,,,,,,,,,,,
D_state_TV22,ALIGNED,A_coverage,929,0.2896788275647022,498.0,431.0,,,,,,,,,,,,,,
D_state_TV22,UNAVAILABLE,A_coverage,2,0.0006236357966947302,1.0,1.0,,,,,,,,,,,,,,
D_state_UTC00,AGAINST,A_coverage,2244,0.6997193638914874,1016.0,1228.0,,,,,,,,,,,,,,
D_state_UTC00,ALIGNED,A_coverage,960,0.2993451824134705,517.0,443.0,,,,,,,,,,,,,,
D_state_UTC00,UNAVAILABLE,A_coverage,3,0.0009354536950420954,1.0,2.0,,,,,,,,,,,,,,
D_state_NY18,AGAINST,A_coverage,2276,0.709697536638603,1035.0,1241.0,,,,,,,,,,,,,,
D_state_NY18,ALIGNED,A_coverage,929,0.2896788275647022,498.0,431.0,,,,,,,,,,,,,,
D_state_NY18,UNAVAILABLE,A_coverage,2,0.0006236357966947302,1.0,1.0,,,,,,,,,,,,,,
HCH_state,NO_HCH,A_coverage,2972,0.9267227938883692,1433.0,1539.0,,,,,,,,,,,,,,
HCH_state,HCH,A_coverage,234,0.07296538821328344,100.0,134.0,,,,,,,,,,,,,,
HCH_state,UNAVAILABLE,A_coverage,1,0.0003118178983473651,1.0,0.0,,,,,,,,,,,,,,
combo_state,NEITHER,A_coverage,2198,0.6853757405675086,1005.0,1193.0,,,,,,,,,,,,,,
combo_state,D_ONLY,A_coverage,773,0.24103523542251326,428.0,345.0,,,,,,,,,,,,,,
combo_state,D+HCH,A_coverage,156,0.04864359214218896,70.0,86.0,,,,,,,,,,,,,,
combo_state,HCH_ONLY,A_coverage,78,0.02432179607109448,30.0,48.0,,,,,,,,,,,,,,
combo_state,UNAVAILABLE,A_coverage,2,0.0006236357966947302,1.0,1.0,,,,,,,,,,,,,,
E1_px_ema50,AGAINST,A_coverage,2450,0.7639538509510446,1160.0,1290.0,,,,,,,,,,,,,,
E1_px_ema50,ALIGNED,A_coverage,692,0.21577798565637668,351.0,341.0,,,,,,,,,,,,,,
E1_px_ema50,UNAVAILABLE,A_coverage,65,0.020268163392578736,23.0,42.0,,,,,,,,,,,,,,
E2_px_ema200,AGAINST,A_coverage,2304,0.7184284377923292,1044.0,1260.0,,,,,,,,,,,,,,
E2_px_ema200,ALIGNED,A_coverage,838,0.261303398815092,467.0,371.0,,,,,,,,,,,,,,
E2_px_ema200,UNAVAILABLE,A_coverage,65,0.020268163392578736,23.0,42.0,,,,,,,,,,,,,,
E3_px_ema200m15,AGAINST,A_coverage,2027,0.6320548799501091,899.0,1128.0,,,,,,,,,,,,,,
E3_px_ema200m15,ALIGNED,A_coverage,1115,0.34767695665731213,612.0,503.0,,,,,,,,,,,,,,
E3_px_ema200m15,UNAVAILABLE,A_coverage,65,0.020268163392578736,23.0,42.0,,,,,,,,,,,,,,
E4_ema50_vs_ema200,AGAINST,A_coverage,2115,0.6594948550046773,928.0,1187.0,,,,,,,,,,,,,,
E4_ema50_vs_ema200,ALIGNED,A_coverage,1027,0.320236981602744,583.0,444.0,,,,,,,,,,,,,,
E4_ema50_vs_ema200,UNAVAILABLE,A_coverage,65,0.020268163392578736,23.0,42.0,,,,,,,,,,,,,,
E5_px_all3,AGAINST,A_coverage,2750,0.8574992204552542,1292.0,1458.0,,,,,,,,,,,,,,
E5_px_all3,ALIGNED,A_coverage,392,0.12223261615216713,219.0,173.0,,,,,,,,,,,,,,
E5_px_all3,UNAVAILABLE,A_coverage,65,0.020268163392578736,23.0,42.0,,,,,,,,,,,,,,
D_state_TV22,AGAINST,B_coverage,1799,0.7271624898949071,826.0,973.0,,,,,,,,,,,,,,
D_state_TV22,ALIGNED,B_coverage,674,0.27243330638641877,363.0,311.0,,,,,,,,,,,,,,
D_state_TV22,UNAVAILABLE,B_coverage,1,0.0004042037186742118,0.0,1.0,,,,,,,,,,,,,,
D_state_UTC00,AGAINST,B_coverage,1765,0.7134195634599838,810.0,955.0,,,,,,,,,,,,,,
D_state_UTC00,ALIGNED,B_coverage,707,0.28577202910266775,379.0,328.0,,,,,,,,,,,,,,
D_state_UTC00,UNAVAILABLE,B_coverage,2,0.0008084074373484236,0.0,2.0,,,,,,,,,,,,,,
D_state_NY18,AGAINST,B_coverage,1799,0.7271624898949071,826.0,973.0,,,,,,,,,,,,,,
D_state_NY18,ALIGNED,B_coverage,674,0.27243330638641877,363.0,311.0,,,,,,,,,,,,,,
D_state_NY18,UNAVAILABLE,B_coverage,1,0.0004042037186742118,0.0,1.0,,,,,,,,,,,,,,
HCH_state,NO_HCH,B_coverage,2313,0.9349232012934519,1119.0,1194.0,,,,,,,,,,,,,,
HCH_state,HCH,B_coverage,161,0.0650767987065481,70.0,91.0,,,,,,,,,,,,,,
combo_state,NEITHER,B_coverage,1734,0.7008892481810832,800.0,934.0,,,,,,,,,,,,,,
combo_state,D_ONLY,B_coverage,578,0.23362974939369444,319.0,259.0,,,,,,,,,,,,,,
combo_state,D+HCH,B_coverage,96,0.038803556992724336,44.0,52.0,,,,,,,,,,,,,,
combo_state,HCH_ONLY,B_coverage,65,0.026273241713823767,26.0,39.0,,,,,,,,,,,,,,
combo_state,UNAVAILABLE,B_coverage,1,0.0004042037186742118,0.0,1.0,,,,,,,,,,,,,,
E1_px_ema50,AGAINST,B_coverage,2000,0.8084074373484236,950.0,1050.0,,,,,,,,,,,,,,
E1_px_ema50,ALIGNED,B_coverage,428,0.17299919159256266,224.0,204.0,,,,,,,,,,,,,,
E1_px_ema50,UNAVAILABLE,B_coverage,46,0.018593371059013743,15.0,31.0,,,,,,,,,,,,,,
E2_px_ema200,AGAINST,B_coverage,1815,0.7336297493936944,831.0,984.0,,,,,,,,,,,,,,
E2_px_ema200,ALIGNED,B_coverage,613,0.24777687954729183,343.0,270.0,,,,,,,,,,,,,,
E2_px_ema200,UNAVAILABLE,B_coverage,46,0.018593371059013743,15.0,31.0,,,,,,,,,,,,,,
E3_px_ema200m15,AGAINST,B_coverage,1576,0.6370250606305577,704.0,872.0,,,,,,,,,,,,,,
E3_px_ema200m15,ALIGNED,B_coverage,852,0.34438156831042843,470.0,382.0,,,,,,,,,,,,,,
E3_px_ema200m15,UNAVAILABLE,B_coverage,46,0.018593371059013743,15.0,31.0,,,,,,,,,,,,,,
E4_ema50_vs_ema200,AGAINST,B_coverage,1630,0.6588520614389652,722.0,908.0,,,,,,,,,,,,,,
E4_ema50_vs_ema200,ALIGNED,B_coverage,798,0.322554567502021,452.0,346.0,,,,,,,,,,,,,,
E4_ema50_vs_ema200,UNAVAILABLE,B_coverage,46,0.018593371059013743,15.0,31.0,,,,,,,,,,,,,,
E5_px_all3,AGAINST,B_coverage,2176,0.8795472918350848,1030.0,1146.0,,,,,,,,,,,,,,
E5_px_all3,ALIGNED,B_coverage,252,0.10185933710590138,144.0,108.0,,,,,,,,,,,,,,
E5_px_all3,UNAVAILABLE,B_coverage,46,0.018593371059013743,15.0,31.0,,,,,,,,,,,,,,
D_TV22,False,A_fill_rate,2278,,,,0.7901668129938543,,,,,,,,,,,,,
D_TV22,True,A_fill_rate,929,,,,0.7255113024757804,,,,,,,,,,,,,
HCH,False,A_fill_rate,2973,,,,0.7780020181634713,,,,,,,,,,,,,
HCH,True,A_fill_rate,234,,,,0.688034188034188,,,,,,,,,,,,,
ALL,ALL,B,2474,,1189.0,1285.0,,1220.0,1251.0,3.0,0.4931285367825384,-1378.0452872648602,-0.557011029613929,-1.8411540751892512,0.8991090418756048,-0.04624744397954403,-0.10029979103172285,0.4667788057190917,0.003766751074962301,0.5175097276264592
D_TV22,D_check,B,674,,363.0,311.0,,325.0,348.0,1.0,0.4821958456973294,-987.2837880842669,-1.4648127419647876,-2.1510868372249012,0.7534914293181793,-0.06905570666052241,-0.13723199153162247,0.4490358126721763,0.010519828414105592,0.5209003215434084
D_TV22,no_D_check,B,1800,,826.0,974.0,,895.0,903.0,2.0,0.49722222222222223,-390.7614991805933,-0.21708972176699629,-1.4528976975507248,0.9595220594882576,-0.037707016731222114,-0.08406929613890982,0.4745762711864407,0.0016104810005541316,0.5164271047227926
D_TV22,AGAINST,B,1799,,826.0,973.0,,894.0,903.0,2.0,0.49694274596998333,-393.38117130908097,-0.21866657660315786,-1.4560520673117026,0.9592506946460213,-0.03825193936889462,-0.08406929613890982,0.4745762711864407,0.0006433706948593096,0.5159301130524152
D_TV22,UNAVAILABLE,B,1,,0.0,1.0,,1.0,0.0,0.0,1.0,2.619672128487764,2.619672128487764,2.619672128487764,inf,0.9426088084416148,,,0.9426088084416148,1.0
D_UTC00,D_check,B,707,,379.0,328.0,,343.0,363.0,1.0,0.48514851485148514,-768.6778319779631,-1.0872388005346014,-2.086127941002814,0.8079241207985175,-0.0649194839220877,-0.16395359093251255,0.43799472295514513,0.0495132189954459,0.5396341463414634
D_UTC00,no_D_check,B,1767,,810.0,957.0,,877.0,888.0,2.0,0.49632144878324846,-609.367455286897,-0.34485990678375605,-1.479191840155636,0.9368976464479245,-0.03877651458544193,-0.07051609947320518,0.4802469135802469,-0.011912289131849213,0.509926854754441
D_UTC00,AGAINST,B,1765,,810.0,955.0,,876.0,887.0,2.0,0.4963172804532578,-609.105786954186,-0.3451024288692272,-1.479191840155636,0.9369059175848761,-0.03875473655874498,-0.07051609947320518,0.4802469135802469,-0.011815779531820603,0.5099476439790576
D_UTC00,UNAVAILABLE,B,2,,0.0,2.0,,1.0,1.0,0.0,0.5,-0.26166833271099676,-0.13083416635549838,-0.13083416635549838,0.9091852086781402,-0.05799562314550838,,,-0.05799562314550838,0.5
D_NY18,D_check,B,674,,363.0,311.0,,325.0,348.0,1.0,0.4821958456973294,-987.2837880842669,-1.4648127419647876,-2.1510868372249012,0.7534914293181793,-0.06905570666052241,-0.13723199153162247,0.4490358126721763,0.010519828414105592,0.5209003215434084
D_NY18,no_D_check,B,1800,,826.0,974.0,,895.0,903.0,2.0,0.49722222222222223,-390.7614991805933,-0.21708972176699629,-1.4528976975507248,0.9595220594882576,-0.037707016731222114,-0.08406929613890982,0.4745762711864407,0.0016104810005541316,0.5164271047227926
D_NY18,AGAINST,B,1799,,826.0,973.0,,894.0,903.0,2.0,0.49694274596998333,-393.38117130908097,-0.21866657660315786,-1.4560520673117026,0.9592506946460213,-0.03825193936889462,-0.08406929613890982,0.4745762711864407,0.0006433706948593096,0.5159301130524152
D_NY18,UNAVAILABLE,B,1,,0.0,1.0,,1.0,0.0,0.0,1.0,2.619672128487764,2.619672128487764,2.619672128487764,inf,0.9426088084416148,,,0.9426088084416148,1.0
HCH,HCH_check,B,161,,70.0,91.0,,87.0,74.0,0.0,0.5403726708074534,-49.757819058569936,-0.30905477676130394,1.463535918835987,0.9220576652645724,0.025069896833266703,-0.055567922157297396,0.5,0.08709898836446985,0.5714285714285714
HCH,no_HCH_check,B,2313,,1119.0,1194.0,,1133.0,1177.0,3.0,0.4898400345871163,-1328.2874682062902,-0.574270414269905,-2.182631315197796,0.897983863541134,-0.0512115995657362,-0.1030980312651543,0.4647006255585344,-0.002584365837387104,0.5134003350083752
COMBO,D+HCH,B,96,,44.0,52.0,,49.0,47.0,0.0,0.5104166666666666,-157.0721531214236,-1.6361682616814959,0.9721614625927941,0.6843491199842306,-0.033475095752724025,-0.19455476165040564,0.4318181818181818,0.10282308308377577,0.5769230769230769
COMBO,D_ONLY,B,578,,319.0,259.0,,276.0,301.0,1.0,0.47750865051903113,-830.2116349628432,-1.436352309624296,-2.5998059757328065,0.7633008629335272,-0.07496528909503565,-0.12932540254972136,0.45141065830721006,-0.00801209916436101,0.5096525096525096
COMBO,HCH_ONLY,B,65,,26.0,39.0,,38.0,27.0,0.0,0.5846153846153846,107.3143340628537,1.6509897548131338,1.854897723482736,1.7622884107764183,0.1115363474218068,0.17964057544642412,0.6153846153846154,0.06613352873872862,0.5641025641025641
COMBO,NEITHER,B,1734,,800.0,934.0,,856.0,876.0,2.0,0.4936562860438293,-500.6955053719347,-0.2887517332018078,-1.9409101582568837,0.9473667416757245,-0.04386684054617004,-0.09263986696543318,0.47,-0.0020912290521545116,0.5139186295503212
COMBO,UNAVAILABLE,B,1,,0.0,1.0,,1.0,0.0,0.0,1.0,2.619672128487764,2.619672128487764,2.619672128487764,inf,0.9426088084416148,,,0.9426088084416148,1.0
E1_px_ema50,ALIGNED,B,428,,224.0,204.0,,211.0,216.0,1.0,0.4929906542056075,-375.67390821026936,-0.8777427761922181,-1.4443308534685002,0.8247080803256202,-0.05478858797202001,-0.20757394610906607,0.41964285714285715,0.11297572684512865,0.5735294117647058
E1_px_ema50,AGAINST,B,2000,,950.0,1050.0,,990.0,1008.0,2.0,0.495,-933.5136574787575,-0.46675682873937874,-1.8807546355221803,0.9170889236210753,-0.04089919510067351,-0.07731782275914344,0.4768421052631579,-0.007949008171581666,0.5114285714285715
E1_px_ema50,UNAVAILABLE,B,46,,15.0,31.0,,19.0,27.0,0.0,0.41304347826086957,-68.8577215758333,-1.4969069907789847,-4.553140422833394,0.7314553672249134,-0.19931022939174597,0.04613626752657361,0.5333333333333333,-0.31807466338448115,0.3548387096774194
E2_px_ema200,ALIGNED,B,613,,343.0,270.0,,296.0,316.0,1.0,0.4828711256117455,-736.2209454858768,-1.2010129616409082,-1.886685634641708,0.7710458761690003,-0.07198655917046516,-0.16165248242349056,0.4402332361516035,0.04192237296208198,0.5370370370370371
E2_px_ema200,AGAINST,B,1815,,831.0,984.0,,905.0,908.0,2.0,0.4986225895316804,-572.96662020315,-0.31568408826619837,-1.4497433277897471,0.9437538226387103,-0.033675011064394744,-0.0776193671219733,0.47653429602888087,0.0034365335330115306,0.5172764227642277
E2_px_ema200,UNAVAILABLE,B,46,,15.0,31.0,,19.0,27.0,0.0,0.41304347826086957,-68.8577215758333,-1.4969069907789847,-4.553140422833394,0.7314553672249134,-0.19931022939174597,0.04613626752657361,0.5333333333333333,-0.31807466338448115,0.3548387096774194
E3_px_ema200m15,ALIGNED,B,852,,470.0,382.0,,431.0,420.0,1.0,0.505868544600939,-508.35251278561816,-0.5966578788563593,1.3536538735243084,0.884429868494188,-0.024448300658658606,-0.0783295807038242,0.4808510638297872,0.04184542086288021,0.5366492146596858
E3_px_ema200m15,AGAINST,B,1576,,704.0,872.0,,770.0,804.0,2.0,0.4885786802030457,-800.8350529034087,-0.5081440691011476,-2.270627406720905,0.9110548812564246,-0.05356469142905738,-0.11808748951536888,0.4559659090909091,-0.0014728911391912274,0.5149082568807339
E3_px_ema200m15,UNAVAILABLE,B,46,,15.0,31.0,,19.0,27.0,0.0,0.41304347826086957,-68.8577215758333,-1.4969069907789847,-4.553140422833394,0.7314553672249134,-0.19931022939174597,0.04613626752657361,0.5333333333333333,-0.31807466338448115,0.3548387096774194
E4_ema50_vs_ema200,ALIGNED,B,798,,452.0,346.0,,376.0,421.0,1.0,0.47117794486215536,-1040.7289991893697,-1.3041716781821675,-2.39806707125922,0.7623474878872339,-0.09334594934336637,-0.15016338180569425,0.4446902654867257,-0.019122020230730005,0.5057803468208093
E4_ema50_vs_ema200,AGAINST,B,1630,,722.0,908.0,,825.0,803.0,2.0,0.5061349693251533,-268.4585664996572,-0.1646985070550044,1.7717752404234943,0.9702477786499984,-0.018869839433966383,-0.07212554982471367,0.4792243767313019,0.023476661559557334,0.5275330396475771
E4_ema50_vs_ema200,UNAVAILABLE,B,46,,15.0,31.0,,19.0,27.0,0.0,0.41304347826086957,-68.8577215758333,-1.4969069907789847,-4.553140422833394,0.7314553672249134,-0.19931022939174597,0.04613626752657361,0.5333333333333333,-0.31807466338448115,0.3548387096774194
E5_px_all3,ALIGNED,B,252,,144.0,108.0,,125.0,126.0,1.0,0.49603174603174605,-237.58109512846568,-0.9427821235256575,-0.23532046600553258,0.8151359453382512,-0.0452205321442764,-0.19837641756871496,0.4236111111111111,0.15898731508830843,0.5925925925925926
E5_px_all3,AGAINST,B,2176,,1030.0,1146.0,,1076.0,1098.0,2.0,0.4944852941176471,-1071.606470560561,-0.4924662088973167,-1.8411540751892512,0.9115630608076429,-0.04313066716590714,-0.08872067128128358,0.47184466019417476,-0.002155358056973674,0.5148342059336823
E5_px_all3,UNAVAILABLE,B,46,,15.0,31.0,,19.0,27.0,0.0,0.41304347826086957,-68.8577215758333,-1.4969069907789847,-4.553140422833394,0.7314553672249134,-0.19931022939174597,0.04613626752657361,0.5333333333333333,-0.31807466338448115,0.3548387096774194
