candidate,partition,bucket,N_flag,N_other,ExpR_flag,ExpR_other,dExpR,boot_lo,boot_hi
D_TV22,ALL,ALL,674,1800,-0.06905570666052241,-0.037707016731222114,-0.031348689929300295,-0.12068883710690369,0.055230314697537676
D_TV22,direction,LONG,363,826,-0.13723199153162247,-0.08406929613890982,-0.05316269539271265,,
D_TV22,direction,SHORT,311,974,0.010519828414105592,0.0016104810005541316,0.00890934741355146,,
D_TV22,sub_periodo,sub1,244,587,-0.13388764368267525,-0.08365788567577652,-0.05022975800689873,,
D_TV22,sub_periodo,sub2,208,561,-0.08365380598844144,0.06507386577813096,-0.1487276717665724,,
D_TV22,sub_periodo,sub3,222,652,0.015878515382776893,-0.08477283730989331,0.1006513526926702,,
D_TV22,month,2025-04,17,66,0.5010655935897501,-0.2724074782937037,0.7734730718834538,,
D_TV22,month,2025-05,51,95,-0.247119789054207,-0.2529151302797732,0.005795341225566186,,
D_TV22,month,2025-06,34,96,-0.2719067361204638,0.0265476172969267,-0.29845435341739046,,
D_TV22,month,2025-07,41,111,-0.12177398431709589,-0.05806675824529531,-0.06370722607180059,,
D_TV22,month,2025-08,42,103,-0.019411584807460962,-0.06541400657827551,0.046002421770814546,,
D_TV22,month,2025-09,52,110,-0.19816804743983504,0.015423271244957326,-0.21359131868479236,,
D_TV22,month,2025-10,44,115,0.02639235500163617,0.16137263022939127,-0.1349802752277551,,
D_TV22,month,2025-11,34,90,0.012375801316663392,0.041799125808537,-0.02942332449187361,,
D_TV22,month,2025-12,40,110,-0.18326056914851874,0.10120208939345447,-0.2844626585419732,,
D_TV22,month,2026-01,40,105,0.08281551742741475,-0.10798246831393478,0.19079798574134954,,
D_TV22,month,2026-02,22,75,-0.10997502464610397,0.2783126673885079,-0.3882876920346119,,
D_TV22,month,2026-03,44,93,-0.3859877107484724,-0.04311822562674639,-0.342869485121726,,
D_TV22,month,2026-04,39,101,-0.05655564598122242,-0.005273509584231748,-0.05128213639699067,,
D_TV22,month,2026-05,39,122,-0.16517074545648697,-0.28001554809568013,0.11484480263919317,,
D_TV22,month,2026-06,54,129,-0.0035346176038318355,-0.10079552023698209,0.09726090263315025,,
D_TV22,month,2026-07,32,120,0.0807348043374851,-0.153531415114555,0.23426621945204013,,
D_TV22,month,2026-08,38,120,0.2739003482832296,0.0801259548175923,0.19377439346563732,,
D_TV22,month,2026-09,11,39,0.05310708524510859,0.015374916017275574,0.03773216922783302,,
D_TV22,weekday,Friday,92,315,-0.14725671260560058,-0.15864348947674356,0.011386776871142978,,
D_TV22,weekday,Monday,136,349,0.06454520799600258,0.004948260323037968,0.05959694767296461,,
D_TV22,weekday,Sunday,25,24,-0.15283061220038482,0.125308723428321,-0.27813933562870585,,
D_TV22,weekday,Thursday,126,362,-0.03445624955221575,0.026957825050019674,-0.06141407460223542,,
D_TV22,weekday,Tuesday,142,391,-0.15208531402916117,-0.03856806857807318,-0.11351724545108799,,
D_TV22,weekday,Wednesday,153,359,-0.07853405017126486,-0.04822535097528146,-0.030308699195983398,,
D_TV22,atr_regime,Compression,240,559,-0.03614358934627303,-0.05083780685804427,0.014694217511771239,,
D_TV22,atr_regime,Expansion,234,621,-0.1271690776262229,-0.023530120184481636,-0.10363895744174126,,
D_TV22,atr_regime,Normal,200,617,-0.04055760340775214,-0.0384047271750223,-0.0021528762327298404,,
D_UTC00,ALL,ALL,707,1767,-0.0649194839220877,-0.03877651458544193,-0.02614296933664577,-0.11254831458969455,0.05796355831123059
D_UTC00,direction,LONG,379,810,-0.16395359093251255,-0.07051609947320518,-0.09343749145930737,,
D_UTC00,direction,SHORT,328,957,0.0495132189954459,-0.011912289131849213,0.06142550812729511,,
D_UTC00,sub_periodo,sub1,233,598,-0.1105907243053815,-0.09365907221923027,-0.01693165208615123,,
D_UTC00,sub_periodo,sub2,230,539,-0.08817420141953641,0.07307330868725236,-0.16124751010678878,,
D_UTC00,sub_periodo,sub3,244,630,0.0006132375275871039,-0.08237538010762734,0.08298861763521444,,
D_UTC00,month,2025-04,14,69,0.5417323107035045,-0.2470294322638805,0.788761742967385,,
D_UTC00,month,2025-05,53,93,-0.4349043556649218,-0.1460227501946468,-0.28888160547027497,,
D_UTC00,month,2025-06,33,97,-0.06906428609475415,-0.0455374879016899,-0.023526798193064254,,
D_UTC00,month,2025-07,35,117,-0.023649204023259974,-0.09068736223431291,0.06703815821105294,,
D_UTC00,month,2025-08,42,103,-0.060911809632996985,-0.04849158480475592,-0.012420224828241067,,
D_UTC00,month,2025-09,52,110,-0.047995064403735244,-0.05556759346301712,0.0075725290592818795,,
D_UTC00,month,2025-10,45,114,-0.0884474075781002,0.20788815296023244,-0.29633556053833265,,
D_UTC00,month,2025-11,45,79,-0.06440319259067001,0.08963091435588652,-0.15403410694655653,,
D_UTC00,month,2025-12,39,111,-0.15711510775587237,0.08945311954791228,-0.24656822730378464,,
D_UTC00,month,2026-01,47,98,-0.04356317372459895,-0.061000707253167474,0.017437533528568527,,
D_UTC00,month,2026-02,26,71,-0.021205746841242316,0.26768097084219866,-0.288886717683441,,
D_UTC00,month,2026-03,40,97,-0.07496339689935791,-0.18551462247676165,0.11055122557740374,,
D_UTC00,month,2026-04,38,102,-0.14782811375389454,0.028227192758557954,-0.1760553065124525,,
D_UTC00,month,2026-05,40,121,-0.18988198122776972,-0.2727956751352494,0.08291369390747966,,
D_UTC00,month,2026-06,64,119,0.053304594777465256,-0.1395376935036587,0.19284228828112393,,
D_UTC00,month,2026-07,30,122,-0.11803674830497876,-0.10081273463768622,-0.017224013667292537,,
D_UTC00,month,2026-08,50,108,0.2043057988661477,0.09081516545894824,0.11349063340719945,,
D_UTC00,month,2026-09,14,36,-0.03866621544169209,0.04792018551537863,-0.08658640095707072,,
D_UTC00,weekday,Friday,99,308,-0.12964596722028737,-0.1645628765911722,0.03491690937088482,,
D_UTC00,weekday,Monday,146,339,0.0868615541534045,-0.006420931463718145,0.09328248561712266,,
D_UTC00,weekday,Sunday,25,24,-0.15283061220038482,0.125308723428321,-0.27813933562870585,,
D_UTC00,weekday,Thursday,146,342,-0.0659895326078565,0.04401086837799704,-0.11000040098585354,,
D_UTC00,weekday,Tuesday,149,384,-0.09125398908141155,-0.060102565190201,-0.031151423891210554,,
D_UTC00,weekday,Wednesday,142,370,-0.1316396468001242,-0.02874535359651872,-0.10289429320360546,,
D_UTC00,atr_regime,Compression,273,526,-0.057525551871592286,-0.04066220497301821,-0.016863346898574078,,
D_UTC00,atr_regime,Expansion,235,620,-0.054504281915629366,-0.050905262175687686,-0.0035990197399416793,,
D_UTC00,atr_regime,Normal,199,618,-0.08736227749647452,-0.023336802794078907,-0.06402547470239561,,
D_NY18,ALL,ALL,674,1800,-0.06905570666052241,-0.037707016731222114,-0.031348689929300295,-0.12068883710690369,0.055230314697537676
D_NY18,direction,LONG,363,826,-0.13723199153162247,-0.08406929613890982,-0.05316269539271265,,
D_NY18,direction,SHORT,311,974,0.010519828414105592,0.0016104810005541316,0.00890934741355146,,
D_NY18,sub_periodo,sub1,244,587,-0.13388764368267525,-0.08365788567577652,-0.05022975800689873,,
D_NY18,sub_periodo,sub2,208,561,-0.08365380598844144,0.06507386577813096,-0.1487276717665724,,
D_NY18,sub_periodo,sub3,222,652,0.015878515382776893,-0.08477283730989331,0.1006513526926702,,
D_NY18,month,2025-04,17,66,0.5010655935897501,-0.2724074782937037,0.7734730718834538,,
D_NY18,month,2025-05,51,95,-0.247119789054207,-0.2529151302797732,0.005795341225566186,,
D_NY18,month,2025-06,34,96,-0.2719067361204638,0.0265476172969267,-0.29845435341739046,,
D_NY18,month,2025-07,41,111,-0.12177398431709589,-0.05806675824529531,-0.06370722607180059,,
D_NY18,month,2025-08,42,103,-0.019411584807460962,-0.06541400657827551,0.046002421770814546,,
D_NY18,month,2025-09,52,110,-0.19816804743983504,0.015423271244957326,-0.21359131868479236,,
D_NY18,month,2025-10,44,115,0.02639235500163617,0.16137263022939127,-0.1349802752277551,,
D_NY18,month,2025-11,34,90,0.012375801316663392,0.041799125808537,-0.02942332449187361,,
D_NY18,month,2025-12,40,110,-0.18326056914851874,0.10120208939345447,-0.2844626585419732,,
D_NY18,month,2026-01,40,105,0.08281551742741475,-0.10798246831393478,0.19079798574134954,,
D_NY18,month,2026-02,22,75,-0.10997502464610397,0.2783126673885079,-0.3882876920346119,,
D_NY18,month,2026-03,44,93,-0.3859877107484724,-0.04311822562674639,-0.342869485121726,,
D_NY18,month,2026-04,39,101,-0.05655564598122242,-0.005273509584231748,-0.05128213639699067,,
D_NY18,month,2026-05,39,122,-0.16517074545648697,-0.28001554809568013,0.11484480263919317,,
D_NY18,month,2026-06,54,129,-0.0035346176038318355,-0.10079552023698209,0.09726090263315025,,
D_NY18,month,2026-07,32,120,0.0807348043374851,-0.153531415114555,0.23426621945204013,,
D_NY18,month,2026-08,38,120,0.2739003482832296,0.0801259548175923,0.19377439346563732,,
D_NY18,month,2026-09,11,39,0.05310708524510859,0.015374916017275574,0.03773216922783302,,
D_NY18,weekday,Friday,92,315,-0.14725671260560058,-0.15864348947674356,0.011386776871142978,,
D_NY18,weekday,Monday,136,349,0.06454520799600258,0.004948260323037968,0.05959694767296461,,
D_NY18,weekday,Sunday,25,24,-0.15283061220038482,0.125308723428321,-0.27813933562870585,,
D_NY18,weekday,Thursday,126,362,-0.03445624955221575,0.026957825050019674,-0.06141407460223542,,
D_NY18,weekday,Tuesday,142,391,-0.15208531402916117,-0.03856806857807318,-0.11351724545108799,,
D_NY18,weekday,Wednesday,153,359,-0.07853405017126486,-0.04822535097528146,-0.030308699195983398,,
D_NY18,atr_regime,Compression,240,559,-0.03614358934627303,-0.05083780685804427,0.014694217511771239,,
D_NY18,atr_regime,Expansion,234,621,-0.1271690776262229,-0.023530120184481636,-0.10363895744174126,,
D_NY18,atr_regime,Normal,200,617,-0.04055760340775214,-0.0384047271750223,-0.0021528762327298404,,
HCH,ALL,ALL,161,2313,0.025069896833266703,-0.0512115995657362,0.0762814963990029,-0.08610851792324338,0.23579113584285658
HCH,direction,LONG,70,1119,-0.055567922157297396,-0.1030980312651543,0.0475301091078569,,
HCH,direction,SHORT,91,1194,0.08709898836446985,-0.002584365837387104,0.08968335420185695,,
HCH,sub_periodo,sub1,46,785,0.015041771268840763,-0.1050543763421914,0.12009614761103217,,
HCH,sub_periodo,sub2,53,716,0.09394298527475545,0.019731101726778784,0.07421188354797667,,
HCH,sub_periodo,sub3,62,812,-0.02636526302859318,-0.06171454827992758,0.035349285251334406,,
HCH,month,2025-04,3,80,0.3051209142096056,-0.12970176523734392,0.4348226794469495,,
HCH,month,2025-05,12,134,-0.5438284573621588,-0.22465750097012763,-0.3191709563920312,,
HCH,month,2025-06,7,123,0.3603366273662014,-0.07494808259474971,0.43528470996095114,,
HCH,month,2025-07,6,146,0.2468345615822908,-0.08848733487481135,0.33532189645710214,,
HCH,month,2025-08,8,137,-0.12126272581891967,-0.04804983527682029,-0.07321289054209938,,
HCH,month,2025-09,10,152,0.3269238269577966,-0.07814090065463213,0.40506472761242873,,
HCH,month,2025-10,10,149,0.37559757350312123,0.10713517021087769,0.2684624032922435,,
HCH,month,2025-11,4,120,0.9530585047164893,0.003087204572241072,0.9499713001442482,,
HCH,month,2025-12,11,139,0.04180330157675132,0.02404295503593507,0.017760346540816253,,
HCH,month,2026-01,8,137,0.21507481985660482,-0.07113968638481313,0.286214506241418,,
HCH,month,2026-02,9,88,-0.3711444236927689,0.24766249233134915,-0.6188069160241181,,
HCH,month,2026-03,14,123,-0.03716000703583576,-0.16644889559120724,0.12928888855537146,,
HCH,month,2026-04,7,133,0.39428181099234305,-0.04134035592647729,0.43562216691882033,,
HCH,month,2026-05,14,147,-0.625175861305623,-0.21667410804215814,-0.40850175326346483,,
HCH,month,2026-06,10,173,-0.05811360499245356,-0.072903788504353,0.014790183511899438,,
HCH,month,2026-07,10,142,-0.07177675260636615,-0.10649639823157336,0.03471964562520721,,
HCH,month,2026-08,13,145,0.155508041526346,0.12414981567607793,0.03135822585026808,,
HCH,month,2026-09,5,45,0.5452031221819261,-0.03427146552310419,0.5794745877050304,,
HCH,weekday,Friday,15,392,-0.12355513397213838,-0.15731374932476377,0.03375861535262539,,
HCH,weekday,Monday,38,447,0.1430080871259202,0.011344035412553993,0.1316640517133662,,
HCH,weekday,Sunday,11,38,-0.3091818229741547,0.06809589763120487,-0.3772777206053596,,
HCH,weekday,Thursday,36,452,0.11222577555769171,0.0030467197001129136,0.1091790558575788,,
HCH,weekday,Tuesday,33,500,-0.08497365970118748,-0.0677441972720566,-0.01722946242913087,,
HCH,weekday,Wednesday,28,484,0.09358128541896539,-0.06601009642161279,0.1595913818405782,,
HCH,atr_regime,Compression,109,690,0.05635148214158316,-0.06265957540606498,0.11901105754764815,,
HCH,atr_regime,Expansion,14,841,-0.031076884902078012,-0.05224101356774099,0.021164128665662977,,
HCH,atr_regime,Normal,38,779,-0.043973204595987817,-0.03868582230281342,-0.005287382293174395,,
DHCH,ALL,ALL,96,2378,-0.033475095752724025,-0.046763064429407225,0.0132879686766832,-0.1930836280625013,0.21898020071881985
DHCH,direction,LONG,44,1145,-0.19455476165040564,-0.09667776595991319,-0.09787699569049245,,
DHCH,direction,SHORT,52,1233,0.10282308308377577,-0.0004108071281668939,0.10323389021194267,,
DHCH,sub_periodo,sub1,27,804,0.04056916164707447,-0.103073546411349,0.14364270805842347,,
DHCH,sub_periodo,sub2,30,739,-0.164303058151205,0.03252440974353424,-0.19682746789473923,,
DHCH,sub_periodo,sub3,39,835,0.015900389430862395,-0.06271493975913485,0.07861532918999725,,
DHCH,month,2025-04,1,82,0.9651576352974056,-0.12714556233726956,1.092303197634675,,
DHCH,month,2025-05,5,141,-0.6373736519870044,-0.23718566211636874,-0.40018798987063564,,
DHCH,month,2025-06,5,125,0.12735566697943904,-0.058664288819904,0.18601995579934305,,
DHCH,month,2025-07,3,149,0.9231135667068898,-0.09535224310301599,1.0184658098099058,,
DHCH,month,2025-08,6,139,-0.0963069825356113,-0.050180484491094045,-0.04612649804451726,,
DHCH,month,2025-09,7,155,0.06982869275777567,-0.05869019018858416,0.12851888294635982,,
DHCH,month,2025-10,5,154,0.19022695132047945,0.12187000870032202,0.06835694262015743,,
DHCH,month,2025-11,2,122,0.9582237368169246,0.018575828638533118,0.9396479081783915,,
DHCH,month,2025-12,6,144,-0.04462597912449173,0.02826085376448743,-0.07288683288897917,,
DHCH,month,2026-01,5,140,-0.22739339535991263,-0.049204082136192845,-0.17818931322371978,,
DHCH,month,2026-02,6,91,-0.6924173651512081,0.2484450956355061,-0.9408624607867142,,
DHCH,month,2026-03,9,128,-0.14759115928033562,-0.1536338579898217,0.006042698709486094,,
DHCH,month,2026-04,4,136,0.46069782543582105,-0.033684455610429154,0.4943822810462502,,
DHCH,month,2026-05,8,153,-0.5503756101661166,-0.23660490888331392,-0.31377070128280266,,
DHCH,month,2026-06,7,176,0.08854224071041027,-0.07848458605767317,0.16702682676808345,,
DHCH,month,2026-07,6,146,0.2513268413446315,-0.11882340495215661,0.3701502462967881,,
DHCH,month,2026-08,9,149,0.026563232554124554,0.1327802598650112,-0.10621702731088666,,
DHCH,month,2026-09,2,48,-0.04781177871705722,0.02665465041258452,-0.07446642912964174,,
DHCH,weekday,Friday,8,399,-0.3179553228644448,-0.15282374476685195,-0.16513157809759282,,
DHCH,weekday,Monday,25,460,0.1314666083330702,0.01569223028667358,0.11577437804639662,,
DHCH,weekday,Sunday,9,40,-0.5905416791922318,0.11253797925000426,-0.7030796584422361,,
DHCH,weekday,Thursday,21,467,0.28805089972969966,-0.001352941477078702,0.28940384120677837,,
DHCH,weekday,Tuesday,20,513,-0.3530446948153852,-0.057729698849629245,-0.29531499596575594,,
DHCH,weekday,Wednesday,13,499,0.18231294592626107,-0.06352440676026243,0.2458373526865235,,
DHCH,atr_regime,Compression,66,733,0.05864743294955472,-0.05588475586824404,0.11453218881779875,,
DHCH,atr_regime,Expansion,9,846,-0.36002286895261243,-0.048616504702749114,-0.31140636424986334,,
DHCH,atr_regime,Normal,21,796,-0.18305399744564785,-0.03512952688716155,-0.1479244705584863,,
E1_px_ema50,ALL,ALL,428,2000,-0.05478858797202001,-0.04089919510067351,-0.013889392871346502,-0.120667334537021,0.08991214036556835
E1_px_ema50,direction,LONG,224,950,-0.20757394610906607,-0.07731782275914344,-0.13025612334992265,,
E1_px_ema50,direction,SHORT,204,1050,0.11297572684512865,-0.007949008171581666,0.1209247350167103,,
E1_px_ema50,sub_periodo,sub1,138,647,-0.06754547455240596,-0.09781486539412867,0.030269390841722713,,
E1_px_ema50,sub_periodo,sub2,140,629,-0.03461469415912385,0.03808029290653895,-0.0726949870656628,,
E1_px_ema50,sub_periodo,sub3,150,724,-0.061881219876768,-0.05865286813474969,-0.003228351742018312,,
E1_px_ema50,month,2025-04,5,32,0.15769368029797098,-0.03378051018213239,0.1914741904801034,,
E1_px_ema50,month,2025-05,25,121,-0.3108041315010326,-0.23851192835386115,-0.07229220314717144,,
E1_px_ema50,month,2025-06,26,104,-0.2736150059825662,0.004016657576499221,-0.27763166355906543,,
E1_px_ema50,month,2025-07,21,131,0.37256715993990863,-0.14703857924402128,0.5196057391839299,,
E1_px_ema50,month,2025-08,29,116,-0.19098623921515706,-0.017364899157208475,-0.17362134005794858,,
E1_px_ema50,month,2025-09,31,131,0.048955210413518316,-0.07729610803622278,0.12625131844974108,,
E1_px_ema50,month,2025-10,21,138,0.1184683510989534,0.12486435306792727,-0.006396001968973872,,
E1_px_ema50,month,2025-11,25,99,0.05978692505625352,0.027151772132611638,0.032635152923641886,,
E1_px_ema50,month,2025-12,29,121,0.13584110017188164,-0.0011370647739283317,0.13697816494580997,,
E1_px_ema50,month,2026-01,25,120,-0.06771877386127854,-0.05277140941112165,-0.014947364450156896,,
E1_px_ema50,month,2026-02,18,79,-0.2510466107045946,0.2907954241089432,-0.5418420348135378,,
E1_px_ema50,month,2026-03,27,110,-0.2098359292958225,-0.1393444015021181,-0.0704915277937044,,
E1_px_ema50,month,2026-04,19,121,0.00741249713469868,-0.023794480221771542,0.03120697735647022,,
E1_px_ema50,month,2026-05,20,141,-0.24367115904154435,-0.25340519687691543,0.009734037835371079,,
E1_px_ema50,month,2026-06,42,141,0.001127002565235262,-0.09390656431856373,0.09503356688379899,,
E1_px_ema50,month,2026-07,33,119,-0.14808807700512547,-0.09204495406536084,-0.05604312293976463,,
E1_px_ema50,month,2026-08,22,136,0.033747887762001175,0.14177113442727773,-0.10802324666527656,,
E1_px_ema50,month,2026-09,10,40,-0.037162889108968346,0.03888571383649064,-0.07604860294545898,,
E1_px_ema50,weekday,Friday,66,341,-0.23022800070849347,-0.14171633049304666,-0.08851167021544681,,
E1_px_ema50,weekday,Monday,81,396,0.1090201461143577,0.010015258056994672,0.09900488805736303,,
E1_px_ema50,weekday,Sunday,14,35,-0.037887314241335325,-0.008083815524320642,-0.02980349871701468,,
E1_px_ema50,weekday,Thursday,93,388,-0.07766366014458942,0.025184465965059955,-0.10284812610964937,,
E1_px_ema50,weekday,Tuesday,81,434,0.038281065929643594,-0.0767244307608666,0.11500549669051019,,
E1_px_ema50,weekday,Wednesday,93,406,-0.13368519341938268,-0.033569950725773276,-0.1001152426936094,,
E1_px_ema50,atr_regime,Compression,198,594,-0.12299980331310703,-0.019330465422677724,-0.10366933789042931,,
E1_px_ema50,atr_regime,Expansion,107,725,0.0358909896422469,-0.058960184044939974,0.09485117368718687,,
E1_px_ema50,atr_regime,Normal,123,681,-0.02386902835568928,-0.04048452321247425,0.016615494856784967,,
E2_px_ema200,ALL,ALL,613,1815,-0.07198655917046516,-0.033675011064394744,-0.03831154810607042,-0.1288653479501857,0.05395296512540102
E2_px_ema200,direction,LONG,343,831,-0.16165248242349056,-0.0776193671219733,-0.08403311530151726,,
E2_px_ema200,direction,SHORT,270,984,0.04192237296208198,0.0034365335330115306,0.038485839429070454,,
E2_px_ema200,sub_periodo,sub1,221,564,-0.1244044176361467,-0.0799895693273845,-0.04441484830876219,,
E2_px_ema200,sub_periodo,sub2,188,581,-0.11615747489555464,0.07047169076815821,-0.18662916566371285,,
E2_px_ema200,sub_periodo,sub3,204,670,0.025505984345380185,-0.08500011987691274,0.11050610422229293,,
E2_px_ema200,month,2025-04,8,29,-0.038992073170680985,0.0006699538285195317,-0.03966202699920052,,
E2_px_ema200,month,2025-05,50,96,-0.31895150187343296,-0.21544241171532671,-0.10350909015810625,,
E2_px_ema200,month,2025-06,35,95,-0.17979235562790152,-0.004247634953834273,-0.17554472067406726,,
E2_px_ema200,month,2025-07,39,113,0.02215884303872329,-0.10887025133397271,0.131029094372696,,
E2_px_ema200,month,2025-08,46,99,-0.10936416158628255,-0.02547654350006811,-0.08388761808621445,,
E2_px_ema200,month,2025-09,38,124,0.008707132270589654,-0.07208911013071388,0.08079624240130354,,
E2_px_ema200,month,2025-10,39,120,0.15962441115120823,0.11244803384629054,0.047176377304917694,,
E2_px_ema200,month,2025-11,28,96,0.015862853703228135,0.038943111081713555,-0.02308025737848542,,
E2_px_ema200,month,2025-12,37,113,-0.16885346475635848,0.08893261294977439,-0.2577860777061329,,
E2_px_ema200,month,2026-01,33,112,-0.17690684557528713,-0.019532255106090076,-0.15737459046919705,,
E2_px_ema200,month,2026-02,23,74,-0.2445213742576444,0.3253782583763463,-0.5698996326339907,,
E2_px_ema200,month,2026-03,40,97,-0.2760279980548613,-0.10260138488686336,-0.1734266131679979,,
E2_px_ema200,month,2026-04,31,109,-0.14331400360003085,0.015637059177301644,-0.1589510627773325,,
E2_px_ema200,month,2026-05,33,128,-0.0696455516727812,-0.2992597869943296,0.2296142353215484,,
E2_px_ema200,month,2026-06,54,129,0.03449605112883537,-0.11671533505530787,0.15121138618414326,,
E2_px_ema200,month,2026-07,33,119,-0.02080753736802274,-0.12734123816640613,0.1065337007983834,,
E2_px_ema200,month,2026-08,33,125,0.3453133416322591,0.06902390031207398,0.27628944132018507,,
E2_px_ema200,month,2026-09,13,37,-0.11455141620590534,0.07224238035261384,-0.1867937965585192,,
E2_px_ema200,weekday,Friday,98,309,-0.22709668876811007,-0.1335431755521511,-0.09355351321595898,,
E2_px_ema200,weekday,Monday,124,353,0.13662221371139557,-0.011740737887762568,0.14836295159915813,,
E2_px_ema200,weekday,Sunday,15,34,0.15766188601218561,-0.09347894802684413,0.25114083403902976,,
E2_px_ema200,weekday,Thursday,121,360,-0.10101535959329938,0.04103253031051574,-0.14204788990381512,,
E2_px_ema200,weekday,Tuesday,126,389,-0.029944935965557796,-0.06792949788754418,0.03798456192198639,,
E2_px_ema200,weekday,Wednesday,129,370,-0.19521277224935396,-0.0023775009797293695,-0.1928352712696246,,
E2_px_ema200,atr_regime,Compression,259,533,-0.09944207378611926,-0.018913246541202414,-0.08052882724491685,,
E2_px_ema200,atr_regime,Expansion,160,672,-0.03988808940257494,-0.04839836791138256,0.008510278508807617,,
E2_px_ema200,atr_regime,Normal,194,610,-0.06180499668287762,-0.03035357612945326,-0.03145142055342436,,
E3_px_ema200m15,ALL,ALL,852,1576,-0.024448300658658606,-0.05356469142905738,0.02911639077039877,-0.054205663339160895,0.10806289394486347
E3_px_ema200m15,direction,LONG,470,704,-0.0783295807038242,-0.11808748951536888,0.03975790881154467,,
E3_px_ema200m15,direction,SHORT,382,872,0.04184542086288021,-0.0014728911391912274,0.04331831200207144,,
E3_px_ema200m15,sub_periodo,sub1,298,487,-0.06862510991243301,-0.10709899516289163,0.038473885250458625,,
E3_px_ema200m15,sub_periodo,sub2,261,508,0.022287824694737324,0.02616008820986067,-0.003872263515123344,,
E3_px_ema200m15,sub_periodo,sub3,293,581,-0.021149459565182705,-0.07839942832784066,0.05724996876265796,,
E3_px_ema200m15,month,2025-04,11,26,-0.1253241688842751,0.04177145897648633,-0.16709562786076143,,
E3_px_ema200m15,month,2025-05,62,84,-0.26388310013855654,-0.24130112392562514,-0.0225819762129314,,
E3_px_ema200m15,month,2025-06,51,79,-0.13466941487719025,0.0021757264702011924,-0.13684514134739145,,
E3_px_ema200m15,month,2025-07,58,94,0.04875840048981642,-0.15176734841104325,0.20052574890085967,,
E3_px_ema200m15,month,2025-08,60,85,-0.07094680945156173,-0.03877789026331806,-0.032168919188243675,,
E3_px_ema200m15,month,2025-09,50,112,0.11548787624449487,-0.12841582537634696,0.24390370162084185,,
E3_px_ema200m15,month,2025-10,48,111,0.313478343851546,0.042091491816016006,0.27138685203553,,
E3_px_ema200m15,month,2025-11,41,83,0.030966008650329255,0.03509749654061913,-0.004131487890289876,,
E3_px_ema200m15,month,2025-12,50,100,-0.10897843990968412,0.09250729062823444,-0.20148573053791857,,
E3_px_ema200m15,month,2026-01,51,94,-0.04576051902260013,-0.060550553252276096,0.014790034229675966,,
E3_px_ema200m15,month,2026-02,30,67,0.11043021702171131,0.22598646270555914,-0.11555624568384783,,
E3_px_ema200m15,month,2026-03,60,77,-0.09157135931280082,-0.20128795710976816,0.10971659779696734,,
E3_px_ema200m15,month,2026-04,50,90,-0.07845330583784207,0.013159673673522509,-0.09161297951136459,,
E3_px_ema200m15,month,2026-05,51,110,-0.1747685767710986,-0.28809416841045393,0.11332559163935532,,
E3_px_ema200m15,month,2026-06,70,113,-0.09476239380144183,-0.05805419376174049,-0.03670820003970134,,
E3_px_ema200m15,month,2026-07,43,109,-0.11208731086119197,-0.10110552025610846,-0.010981790605083516,,
E3_px_ema200m15,month,2026-08,50,108,0.31861596524209496,0.03789379213675047,0.2807221731053445,,
E3_px_ema200m15,month,2026-09,16,34,0.08985228892488054,-0.007465792953769055,0.09731808187864958,,
E3_px_ema200m15,weekday,Friday,129,278,-0.10925418304732568,-0.17779326306397292,0.06853908001664724,,
E3_px_ema200m15,weekday,Monday,168,309,0.03511934814235912,0.02231917002561987,0.012800178116739249,,
E3_px_ema200m15,weekday,Sunday,17,32,0.13564078297459944,-0.09747653916556585,0.23311732214016528,,
E3_px_ema200m15,weekday,Thursday,164,317,-0.03996742458079126,0.028717697262606316,-0.06868512184339758,,
E3_px_ema200m15,weekday,Tuesday,186,329,0.03251823728119498,-0.11017030013439891,0.1426885374155939,,
E3_px_ema200m15,weekday,Wednesday,188,311,-0.07678638749792101,-0.037383543836197346,-0.03940284366172366,,
E3_px_ema200m15,atr_regime,Compression,338,454,-0.01203096285673948,-0.06997751557596438,0.0579465527192249,,
E3_px_ema200m15,atr_regime,Expansion,228,604,-0.033284370251387786,-0.05184927338335208,0.018564903131964294,,
E3_px_ema200m15,atr_regime,Normal,286,518,-0.032079196847142555,-0.041179923739694944,0.00910072689255239,,
E4_ema50_vs_ema200,ALL,ALL,798,1630,-0.09334594934336637,-0.018869839433966383,-0.07447610990939998,-0.15863679657704857,0.010264038639348168
E4_ema50_vs_ema200,direction,LONG,452,722,-0.15016338180569425,-0.07212554982471367,-0.07803783198098058,,
E4_ema50_vs_ema200,direction,SHORT,346,908,-0.019122020230730005,0.023476661559557334,-0.042598681790287335,,
E4_ema50_vs_ema200,sub_periodo,sub1,278,507,-0.17647403264115233,-0.046445191960538326,-0.130028840680614,,
E4_ema50_vs_ema200,sub_periodo,sub2,242,527,-0.04366978707122324,0.05630841656009806,-0.09997820363132129,,
E4_ema50_vs_ema200,sub_periodo,sub3,278,596,-0.05346114399471228,-0.06188701590695295,0.008425871912240666,,
E4_ema50_vs_ema200,month,2025-04,11,26,0.028878525860581716,-0.02346814264633773,0.05234666850691945,,
E4_ema50_vs_ema200,month,2025-05,60,86,-0.43550324385655903,-0.1220913021738311,-0.3134119416827279,,
E4_ema50_vs_ema200,month,2025-06,44,86,-0.1745639211893333,0.011448311217905318,-0.18601223240723863,,
E4_ema50_vs_ema200,month,2025-07,51,101,-0.11104733094458857,-0.05717554103024449,-0.05387178991434408,,
E4_ema50_vs_ema200,month,2025-08,53,92,-0.12006981493323807,-0.012926402695805637,-0.10714341223743243,,
E4_ema50_vs_ema200,month,2025-09,53,109,-0.026361676394788515,-0.06615605303671857,0.03979437664193005,,
E4_ema50_vs_ema200,month,2025-10,54,105,0.1289881665430825,0.12146433431548125,0.007523832227601265,,
E4_ema50_vs_ema200,month,2025-11,39,85,-0.12245013282084631,0.10539122055938693,-0.22784135338023326,,
E4_ema50_vs_ema200,month,2025-12,47,103,-0.049589381782071056,0.059538912729093,-0.10912829451116406,,
E4_ema50_vs_ema200,month,2026-01,42,103,-0.023623306240776593,-0.06828504479372761,0.044661738552951025,,
E4_ema50_vs_ema200,month,2026-02,28,69,-0.021849488697668264,0.27631572747041333,-0.2981652161680816,,
E4_ema50_vs_ema200,month,2026-03,49,88,-0.24901207401154823,-0.09990752988243559,-0.14910454412911264,,
E4_ema50_vs_ema200,month,2026-04,47,93,-0.18895483034725427,0.06604927274242872,-0.255004103089683,,
E4_ema50_vs_ema200,month,2026-05,48,113,-0.20267269300950175,-0.27323244846035294,0.07055975545085119,,
E4_ema50_vs_ema200,month,2026-06,65,118,-0.05385557874722015,-0.08214304103905334,0.028287462291833196,,
E4_ema50_vs_ema200,month,2026-07,41,111,-0.11914722237473059,-0.09869567529354166,-0.02045154708118893,,
E4_ema50_vs_ema200,month,2026-08,50,108,0.2784845104055723,0.05647316937588135,0.22201134102969097,,
E4_ema50_vs_ema200,month,2026-09,16,34,-0.03471252931877403,0.05115294504324489,-0.08586547436201891,,
E4_ema50_vs_ema200,weekday,Friday,130,277,-0.1470109911726209,-0.16032089491858756,0.013309903745966661,,
E4_ema50_vs_ema200,weekday,Monday,162,315,0.08603377010014489,-0.003621576921874936,0.08965534702201983,,
E4_ema50_vs_ema200,weekday,Sunday,18,31,-0.04079320483309291,-0.002550911475298193,-0.038242293357794714,,
E4_ema50_vs_ema200,weekday,Thursday,158,323,-0.11502376237469891,0.06415667757337112,-0.17918043994807004,,
E4_ema50_vs_ema200,weekday,Tuesday,169,346,-0.07275329306135503,-0.05174083838886121,-0.021012454672493817,,
E4_ema50_vs_ema200,weekday,Wednesday,161,338,-0.2367252845355405,0.03565280422353699,-0.2723780887590775,,
E4_ema50_vs_ema200,atr_regime,Compression,304,488,-0.0942849392801579,-0.014700073721101997,-0.0795848655590559,,
E4_ema50_vs_ema200,atr_regime,Expansion,228,604,-0.10360714472440632,-0.02530359030413316,-0.07830355442027316,,
E4_ema50_vs_ema200,atr_regime,Normal,266,538,-0.08347750766042757,-0.015429059029314143,-0.06804844863111342,,
E5_px_all3,ALL,ALL,252,2176,-0.0452205321442764,-0.04313066716590714,-0.0020898649783692574,-0.13964793002126072,0.12808547992921157
E5_px_all3,direction,LONG,144,1030,-0.19837641756871496,-0.08872067128128358,-0.10965574628743138,,
E5_px_all3,direction,SHORT,108,1146,0.15898731508830843,-0.002155358056973674,0.1611426731452821,,
E5_px_all3,sub_periodo,sub1,85,700,-0.13339208866642868,-0.08752737980226691,-0.045864708864161774,,
E5_px_all3,sub_periodo,sub2,83,686,0.021586363976143462,0.02524020239929409,-0.0036538384231506287,,
E5_px_all3,sub_periodo,sub3,84,790,-0.02201089016346571,-0.06316195536372511,0.0411510652002594,,
E5_px_all3,month,2025-04,3,34,-0.39289745774056845,0.02606424849656833,-0.4189617062371368,,
E5_px_all3,month,2025-05,16,130,-0.5353340443039623,-0.21588232238061245,-0.3194517219233498,,
E5_px_all3,month,2025-06,18,112,-0.14993906445437197,-0.03569066613760812,-0.11424839831676384,,
E5_px_all3,month,2025-07,14,138,0.2263336165299187,-0.10584647937425777,0.33218009590417646,,
E5_px_all3,month,2025-08,16,129,-0.31833792560136853,-0.019066065347704216,-0.2992718602536643,,
E5_px_all3,month,2025-09,17,145,0.12105413381101941,-0.07355930279112721,0.19461343660214664,,
E5_px_all3,month,2025-10,12,147,0.4752459743748246,0.09534805716975572,0.3798979172050688,,
E5_px_all3,month,2025-11,16,108,0.17388190595000005,0.012968408077174861,0.1609134978728252,,
E5_px_all3,month,2025-12,16,134,0.33781481733786095,-0.011964403060198036,0.349779220398059,,
E5_px_all3,month,2026-01,20,125,-0.330530953313246,-0.011319355276813124,-0.3192115980364329,,
E5_px_all3,month,2026-02,8,89,-0.2799663390601664,0.23251382274612517,-0.5124801618062915,,
E5_px_all3,month,2026-03,14,123,-0.30920143773972886,-0.1354848303078373,-0.17371660743189155,,
E5_px_all3,month,2026-04,10,130,0.14062018151766922,-0.0318807421265521,0.17250092364422132,,
E5_px_all3,month,2026-05,13,148,0.02481836172318992,-0.27652834218160427,0.3013467039047942,,
E5_px_all3,month,2026-06,23,160,-0.08380608622365435,-0.07041219673770971,-0.013393889485944638,,
E5_px_all3,month,2026-07,16,136,-0.04777538919854546,-0.11085183711595847,0.06307644791741301,,
E5_px_all3,month,2026-08,12,146,0.12422309278652373,0.1269359636947638,-0.0027128709082400587,,
E5_px_all3,month,2026-09,8,42,-0.04053984167187913,0.03590758085107083,-0.07644742252294996,,
E5_px_all3,weekday,Friday,40,367,-0.25735919276260877,-0.14502983388115837,-0.1123293588814504,,
E5_px_all3,weekday,Monday,51,426,0.1318635886759024,0.014252654937469118,0.11761093373843327,,
E5_px_all3,weekday,Sunday,8,41,0.21247710869347936,-0.06129689786043297,0.2737740065539123,,
E5_px_all3,weekday,Thursday,48,433,-0.16808049665686656,0.024518975151330342,-0.1925994718081969,,
E5_px_all3,weekday,Tuesday,47,468,0.13789342323879644,-0.07837313568832995,0.21626655892712637,,
E5_px_all3,weekday,Wednesday,58,441,-0.1368826436994137,-0.041095078567121385,-0.09578756513229231,,
E5_px_all3,atr_regime,Compression,111,681,-0.08567606435920122,-0.038658170885748085,-0.047017893473453136,,
E5_px_all3,atr_regime,Expansion,66,766,0.02589949004508964,-0.05302240715905612,0.07892189720414576,,
E5_px_all3,atr_regime,Normal,75,729,-0.047931963992829715,-0.03691488819750687,-0.011017075795322843,,
HCH,tolerance_sensitivity,1.00,161,2313,0.025069896833266703,-0.0512115995657362,0.0762814963990029,-0.08610851792324338,0.23579113584285658
HCH,tolerance_sensitivity,1.25,161,2313,0.025069896833266703,-0.0512115995657362,0.0762814963990029,-0.08610851792324338,0.23579113584285658
HCH,tolerance_sensitivity,1.50,161,2313,0.025069896833266703,-0.0512115995657362,0.0762814963990029,-0.08610851792324338,0.23579113584285658
